Workbook

Sheet Client Dashboard
G1: MAHON PERFORMANCE
B2: NAME | E2: Becky Marlow | O2: COACH'S NOTES
B3: AGE (yrs)
B4: HEIGHT (cm)
B5: START WEIGHT (kg) | E5: 66.5 | H5: TARGETS
B6: CURRENT WEIGHT (kg) | E6: {=IFERROR(INDEX('BW Tracker'!Y:Y,MATCH(143^143,'BW Tracker'!Y:Y)),"")} -> 61.2 | H6: DAY | J6: TD | L6: NTD
H7: CALS | J7: 1050 | L7: 1050
B8: START DATE | E8: 45698 | H8: PRO | J8: 120 | L8: 120
B9: CURRENT WEEK | E9: =IF(ISBLANK(E8),"",ROUNDUP((TODAY()-E8)/7,0)) -> 37 | H9: CHO
B10: OVERARCHING GOAL | E10: Health | H10: FAT
B11: GOAL DATE | H11: CARDIO | J11: 20min PWO
B12: WEEKS UNTIL GOAL | E12: =IF(ISBLANK(E11),"",IF(TRUNC((E11-TODAY())/7)=0,"",IF(TRUNC((E11-TODAY())/7)=1,TRUNC((E11-TODAY())/7)&" week ",TRUNC((E11-TODAY())/7)&" weeks ")))&IF(ISBLANK(E11),"",IF(((E11-TODAY())-(TRUNC((E11-TODAY())/7)*7))=0,"",IF(((E11-TODAY())-(TRUNC((E11-TODAY())/7)*7))=1,((E11-TODAY())-(TRUNC((E11-TODAY())/7)*7))&" day",((E11-TODAY())-(TRUNC((E11-TODAY())/7)*7))&" days"))) | H12: STEPS | J12: 10000
B14: SHORT TERM GOALS - List 3 things you want to achieve in the next 3-6 MONTHS.
B15: 1
B16: 2
B17: 3
B19: LONG TERM GOALS - List 3 things you want to achieve in the next 12 MONTHS.
B20: 1
B21: 2
B22: 3

Sheet Daily Tracker
E1: MAHON PERFORMANCE | X1: 1 | Y1: CLICK HERE | Z1: CLICK HERE
X2: 2 | Y2: CLICK HERE | Z2: CLICK HERE
B3: NAME | C3: ='Client Dashboard'!E2 -> Becky Marlow | X3: 3 | Y3: CLICK HERE | Z3: CLICK HERE
B4: WEEK | C4: =IF(ISBLANK(C9),"",ROUNDUP((TODAY()-C9)/7,0)) -> 37 | D4: CLICK HERE | X4: 4 | Y4: CLICK HERE | Z4: CLICK HERE
X5: 5 | Y5: CLICK HERE | Z5: CLICK HERE
X6: 6 | Y6: CLICK HERE | Z6: CLICK HERE
B7: WEEK NO. | C7: DATE | D7: BODYWEIGHT (kg) | E7: MENSTRUAL CYCLE | F7: MENSTRUAL CYCLE Day // Symptoms | H7: NUTRITION | I7: CALORIES (kcals) | J7: PRO (g) | K7: CHO (g) | L7: FAT (g) | M7: ACTIVITY | N7: STEPS | O7: CARDIO (mins) | P7: RESISTANCE TRAINING Which session? | X7: 7 | Y7: CLICK HERE | Z7: CLICK HERE
B8: 1 | C8: NOTES | D8: Weigh-in fasted | F8: Enter 1 when you start your period | I8: See dashboard or nutrition tabs for targets. | X8: 8 | Y8: CLICK HERE | Z8: CLICK HERE
C9: 45698 | I9: =J9*4+K9*4+L9*9 -> 0 | X9: 9 | Y9: CLICK HERE | Z9: CLICK HERE
C10: =IF(ISBLANK($C$9),"",C9+1) -> 45699 | F10: =IF(ISNUMBER(F9),F9+1,"") | I10: =J10*4+K10*4+L10*9 -> 0 | X10: 10 | Y10: CLICK HERE | Z10: CLICK HERE
C11: =IF(ISBLANK($C$9),"",C10+1) -> 45700 | F11: =IF(ISNUMBER(F10),F10+1,"") | I11: 1405 | J11: 111 | N11: 8000 | X11: 11 | Y11: CLICK HERE | Z11: CLICK HERE
C12: =IF(ISBLANK($C$9),"",C11+1) -> 45701 | F12: =IF(ISNUMBER(F11),F11+1,"") | I12: 1305 | J12: 110 | N12: 7863 | O12: 20 | P12: Lower | X12: 12 | Y12: CLICK HERE | Z12: CLICK HERE
C13: =IF(ISBLANK($C$9),"",C12+1) -> 45702 | F13: =IF(ISNUMBER(F12),F12+1,"") | I13: 1447 | J13: 100 | N13: 8560 | O13: 20 | P13: Lower | X13: 13 | Y13: CLICK HERE | Z13: CLICK HERE
C14: =IF(ISBLANK($C$9),"",C13+1) -> 45703 | F14: =IF(ISNUMBER(F13),F13+1,"") | G14: 1 | I14: 1496 | J14: 116 | N14: 7897 | P14: Pilates | X14: 14 | Y14: CLICK HERE | Z14: CLICK HERE
C15: =IF(ISBLANK($C$9),"",C14+1) -> 45704 | D15: 65.15 | F15: =IF(ISNUMBER(F14),F14+1,"") | I15: 1490 | J15: 115 | N15: 9206 | O15: 20 | P15: Upper | X15: 15 | Y15: CLICK HERE | Z15: CLICK HERE
C16: AVERAGES | D16: =IFERROR(ROUND(AVERAGE(D9:D15),1),0) -> 65.2 | F16: Also list any PMS symptoms | I16: =IFERROR(ROUND(AVERAGEIF(I9:I15,"<>0"),0),0) -> 1429 | J16: =IFERROR(ROUND(AVERAGE(J9:J15),0),0) -> 110 | K16: =IFERROR(ROUND(AVERAGE(K9:K15),0),0) -> 0 | L16: =IFERROR(ROUND(AVERAGE(L9:L15),0),0) -> 0 | N16: =IFERROR(ROUND(AVERAGE(N9:N15),0),0) -> 8305 | O16: =IFERROR(SUM(O9:O15),0) -> 60 | P16: =IFERROR(COUNTA(P9:P15),0) -> 4 | X16: 16 | Y16: CLICK HERE | Z16: CLICK HERE
X17: 17 | Y17: CLICK HERE | Z17: CLICK HERE
B18: WEEK NO. | C18: DATE | D18: BODYWEIGHT (kg) | E18: MENSTRUAL CYCLE | F18: MENSTRUAL CYCLE Day // Symptoms | H18: NUTRITION | I18: CALORIES (kcals) | J18: PRO (g) | K18: CHO (g) | L18: FAT (g) | M18: ACTIVITY | N18: STEPS | O18: CARDIO (mins) | P18: RESISTANCE TRAINING Which session? | X18: 18 | Y18: CLICK HERE | Z18: CLICK HERE
B19: =B8+1 -> 2 | C19: NOTES | D19: Weigh-in fasted | F19: Enter 1 when you start your period | I19: See dashboard or nutrition tabs for targets. | X19: 19 | Y19: CLICK HERE | Z19: CLICK HERE
C20: =IF(ISBLANK($C$9),"",C15+1) -> 45705 | D20: 64.85 | F20: =IF(ISNUMBER(F15),F15+1,"") | I20: =J20*4+K20*4+L20*9 -> 0 | X20: 20 | Y20: CLICK HERE | Z20: CLICK HERE
C21: =IF(ISBLANK($C$9),"",C20+1) -> 45706 | F21: =IF(ISNUMBER(F20),F20+1,"") | I21: 1200 | J21: 115 | N21: 8976 | O21: 20 | P21: Lower | X21: 21 | Y21: CLICK HERE | Z21: CLICK HERE
C22: =IF(ISBLANK($C$9),"",C21+1) -> 45707 | D22: 64.6 | F22: =IF(ISNUMBER(F21),F21+1,"") | I22: 1234 | J22: 106 | N22: 9650 | X22: 22 | Y22: CLICK HERE | Z22: CLICK HERE
C23: =IF(ISBLANK($C$9),"",C22+1) -> 45708 | D23: 64.5 | F23: =IF(ISNUMBER(F22),F22+1,"") | I23: 1200 | J23: 130 | N23: 8574 | O23: 30 | P23: Upper | X23: 23 | Y23: CLICK HERE | Z23: CLICK HERE
C24: =IF(ISBLANK($C$9),"",C23+1) -> 45709 | F24: =IF(ISNUMBER(F23),F23+1,"") | I24: 1275 | J24: 112 | N24: 9875 | O24: 20 | P24: Lower | X24: 24 | Y24: CLICK HERE | Z24: CLICK HERE
C25: =IF(ISBLANK($C$9),"",C24+1) -> 45710 | F25: =IF(ISNUMBER(F24),F24+1,"") | I25: 1303 | J25: 108 | N25: 11086 | O25: 20 | P25: Lower | X25: 25 | Y25: CLICK HERE | Z25: CLICK HERE
C26: =IF(ISBLANK($C$9),"",C25+1) -> 45711 | D26: 64.5 | F26: =IF(ISNUMBER(F25),F25+1,"") | I26: =J26*4+K26*4+L26*9 -> 0 | X26: 26 | Y26: CLICK HERE | Z26: CLICK HERE
C27: AVERAGES | D27: =IFERROR(ROUND(AVERAGE(D20:D26),1),0) -> 64.6 | F27: Also list any PMS symptoms | I27: =IFERROR(ROUND(AVERAGEIF(I20:I26,"<>0"),0),0) -> 1242 | J27: =IFERROR(ROUND(AVERAGE(J20:J26),0),0) -> 114 | K27: =IFERROR(ROUND(AVERAGE(K20:K26),0),0) -> 0 | L27: =IFERROR(ROUND(AVERAGE(L20:L26),0),0) -> 0 | N27: =IFERROR(ROUND(AVERAGE(N20:N26),0),0) -> 9632 | O27: =IFERROR(SUM(O20:O26),0) -> 90 | P27: =IFERROR(COUNTA(P20:P26),0) -> 4 | X27: 27 | Y27: CLICK HERE | Z27: CLICK HERE
X28: 28 | Y28: CLICK HERE | Z28: CLICK HERE
B29: WEEK NO. | C29: DATE | D29: BODYWEIGHT (kg) | E29: MENSTRUAL CYCLE | F29: MENSTRUAL CYCLE Day // Symptoms | H29: NUTRITION | I29: CALORIES (kcals) | J29: PRO (g) | K29: CHO (g) | L29: FAT (g) | M29: ACTIVITY | N29: STEPS | O29: CARDIO (mins) | P29: RESISTANCE TRAINING Which session? | X29: 29 | Y29: CLICK HERE | Z29: CLICK HERE
B30: =B19+1 -> 3 | C30: NOTES | D30: Weigh-in fasted | F30: Enter 1 when you start your period | I30: See dashboard or nutrition tabs for targets. | X30: 30 | Y30: CLICK HERE | Z30: CLICK HERE
C31: =IF(ISBLANK($C$9),"",C26+1) -> 45712 | D31: 63.5 | F31: =IF(ISNUMBER(F26),F26+1,"") | I31: 1150 | J31: 115 | N31: 8057 | O31: 20 | P31: Lower | X31: 31 | Y31: CLICK HERE | Z31: CLICK HERE
C32: =IF(ISBLANK($C$9),"",C31+1) -> 45713 | F32: =IF(ISNUMBER(F31),F31+1,"") | I32: 1013 | J32: 109 | X32: 32 | Y32: CLICK HERE | Z32: CLICK HERE
C33: =IF(ISBLANK($C$9),"",C32+1) -> 45714 | F33: =IF(ISNUMBER(F32),F32+1,"") | I33: 886 | J33: 119 | N33: 9764 | O33: 20 | P33: Lower | X33: 33 | Y33: CLICK HERE | Z33: CLICK HERE
C34: =IF(ISBLANK($C$9),"",C33+1) -> 45715 | F34: =IF(ISNUMBER(F33),F33+1,"") | I34: 996 | J34: 119 | N34: 8596 | O34: 20 | P34: Upper | X34: 34 | Y34: CLICK HERE | Z34: CLICK HERE
C35: =IF(ISBLANK($C$9),"",C34+1) -> 45716 | F35: =IF(ISNUMBER(F34),F34+1,"") | I35: 1032 | J35: 110 | N35: 8547 | O35: 20 | P35: Lower | X35: 35 | Y35: CLICK HERE | Z35: CLICK HERE
C36: =IF(ISBLANK($C$9),"",C35+1) -> 45717 | F36: =IF(ISNUMBER(F35),F35+1,"") | I36: 1007 | J36: 113 | N36: 11254 | X36: 36 | Y36: CLICK HERE | Z36: CLICK HERE
C37: =IF(ISBLANK($C$9),"",C36+1) -> 45718 | F37: =IF(ISNUMBER(F36),F36+1,"") | I37: 1011 | J37: 98 | N37: 9087 | X37: 37 | Y37: CLICK HERE | Z37: CLICK HERE
C38: AVERAGES | D38: =IFERROR(ROUND(AVERAGE(D31:D37),1),0) -> 63.5 | F38: Also list any PMS symptoms | I38: =IFERROR(ROUND(AVERAGEIF(I31:I37,"<>0"),0),0) -> 1014 | J38: =IFERROR(ROUND(AVERAGE(J31:J37),0),0) -> 112 | K38: =IFERROR(ROUND(AVERAGE(K31:K37),0),0) -> 0 | L38: =IFERROR(ROUND(AVERAGE(L31:L37),0),0) -> 0 | N38: =IFERROR(ROUND(AVERAGE(N31:N37),0),0) -> 9218 | O38: =IFERROR(SUM(O31:O37),0) -> 80 | P38: =IFERROR(COUNTA(P31:P37),0) -> 4 | X38: 38 | Y38: CLICK HERE | Z38: CLICK HERE
X39: 39 | Y39: CLICK HERE | Z39: CLICK HERE
B40: WEEK NO. | C40: DATE | D40: BODYWEIGHT (kg) | E40: MENSTRUAL CYCLE | F40: MENSTRUAL CYCLE Day // Symptoms | H40: NUTRITION | I40: CALORIES (kcals) | J40: PRO (g) | K40: CHO (g) | L40: FAT (g) | M40: ACTIVITY | N40: STEPS | O40: CARDIO (mins) | P40: RESISTANCE TRAINING Which session? | X40: 40 | Y40: CLICK HERE | Z40: CLICK HERE
B41: =B30+1 -> 4 | C41: NOTES | D41: Weigh-in fasted | F41: Enter 1 when you start your period | I41: See dashboard or nutrition tabs for targets. | X41: 41 | Y41: CLICK HERE | Z41: CLICK HERE
C42: =IF(ISBLANK($C$9),"",C37+1) -> 45719 | D42: 63 | F42: =IF(ISNUMBER(F37),F37+1,"") | I42: 1005 | J42: 94 | N42: 9800 | O42: 60 | P42: Lower | X42: 42 | Y42: CLICK HERE | Z42: CLICK HERE
C43: =IF(ISBLANK($C$9),"",C42+1) -> 45720 | F43: =IF(ISNUMBER(F42),F42+1,"") | I43: 1011 | J43: 125 | N43: 10124 | X43: 43 | Y43: CLICK HERE | Z43: CLICK HERE
C44: =IF(ISBLANK($C$9),"",C43+1) -> 45721 | F44: =IF(ISNUMBER(F43),F43+1,"") | I44: 1015 | J44: 107 | N44: 9872 | O44: 55 | P44: Lower | X44: 44 | Y44: CLICK HERE | Z44: CLICK HERE
C45: =IF(ISBLANK($C$9),"",C44+1) -> 45722 | F45: =IF(ISNUMBER(F44),F44+1,"") | I45: 1043 | J45: 112 | N45: 10113 | O45: 20 | P45: Upper | X45: 45 | Y45: CLICK HERE | Z45: CLICK HERE
C46: =IF(ISBLANK($C$9),"",C45+1) -> 45723 | F46: =IF(ISNUMBER(F45),F45+1,"") | I46: 1066 | J46: 109 | N46: 6045 | O46: 45 | P46: Lower | X46: 46 | Y46: CLICK HERE | Z46: CLICK HERE
C47: =IF(ISBLANK($C$9),"",C46+1) -> 45724 | F47: =IF(ISNUMBER(F46),F46+1,"") | I47: =J47*4+K47*4+L47*9 -> 0 | N47: 10907 | X47: 47 | Y47: CLICK HERE | Z47: CLICK HERE
C48: =IF(ISBLANK($C$9),"",C47+1) -> 45725 | F48: =IF(ISNUMBER(F47),F47+1,"") | I48: =J48*4+K48*4+L48*9 -> 0 | X48: 48 | Y48: CLICK HERE | Z48: CLICK HERE
C49: AVERAGES | D49: =IFERROR(ROUND(AVERAGE(D42:D48),1),0) -> 63 | F49: Also list any PMS symptoms | I49: =IFERROR(ROUND(AVERAGEIF(I42:I48,"<>0"),0),0) -> 1028 | J49: =IFERROR(ROUND(AVERAGE(J42:J48),0),0) -> 109 | K49: =IFERROR(ROUND(AVERAGE(K42:K48),0),0) -> 0 | L49: =IFERROR(ROUND(AVERAGE(L42:L48),0),0) -> 0 | N49: =IFERROR(ROUND(AVERAGE(N42:N48),0),0) -> 9477 | O49: =IFERROR(SUM(O42:O48),0) -> 180 | P49: =IFERROR(COUNTA(P42:P48),0) -> 4 | X49: 49 | Y49: CLICK HERE | Z49: CLICK HERE
X50: 50 | Y50: CLICK HERE | Z50: CLICK HERE
B51: WEEK NO. | C51: DATE | D51: BODYWEIGHT (kg) | E51: MENSTRUAL CYCLE | F51: MENSTRUAL CYCLE Day // Symptoms | H51: NUTRITION | I51: CALORIES (kcals) | J51: PRO (g) | K51: CHO (g) | L51: FAT (g) | M51: ACTIVITY | N51: STEPS | O51: CARDIO (mins) | P51: RESISTANCE TRAINING Which session? | X51: 51 | Y51: CLICK HERE | Z51: CLICK HERE
B52: =B41+1 -> 5 | C52: NOTES | D52: Weigh-in fasted | F52: Enter 1 when you start your period | I52: See dashboard or nutrition tabs for targets. | X52: 52 | Y52: CLICK HERE | Z52: CLICK HERE
C53: =IF(ISBLANK($C$9),"",C48+1) -> 45726 | D53: 64 | F53: =IF(ISNUMBER(F48),F48+1,"") | I53: 1005 | J53: 97 | N53: 9864 | O53: 25 | P53: Lower
C54: =IF(ISBLANK($C$9),"",C53+1) -> 45727 | F54: =IF(ISNUMBER(F53),F53+1,"") | I54: 987 | J54: 90 | N54: 10154
C55: =IF(ISBLANK($C$9),"",C54+1) -> 45728 | D55: 63.8 | F55: =IF(ISNUMBER(F54),F54+1,"") | I55: 1026 | J55: 110 | N55: 15190
C56: =IF(ISBLANK($C$9),"",C55+1) -> 45729 | D56: 63.5 | F56: =IF(ISNUMBER(F55),F55+1,"") | G56: 1 | I56: 1167 | J56: 121 | N56: 10321
C57: =IF(ISBLANK($C$9),"",C56+1) -> 45730 | D57: 62.95 | F57: =IF(ISNUMBER(F56),F56+1,"") | I57: 1026 | J57: 90 | N57: 8799 | O57: 45 | P57: Upper
C58: =IF(ISBLANK($C$9),"",C57+1) -> 45731 | D58: 63.2 | F58: =IF(ISNUMBER(F57),F57+1,"") | I58: 1124 | J58: 102 | N58: 10124 | O58: 45 | P58: Lowrr
C59: =IF(ISBLANK($C$9),"",C58+1) -> 45732 | F59: =IF(ISNUMBER(F58),F58+1,"") | I59: 1132 | J59: 117 | N59: 9874 | O59: 45 | P59: Lower
C60: AVERAGES | D60: =IFERROR(ROUND(AVERAGE(D53:D59),1),0) -> 63.5 | F60: Also list any PMS symptoms | I60: =IFERROR(ROUND(AVERAGEIF(I53:I59,"<>0"),0),0) -> 1067 | J60: =IFERROR(ROUND(AVERAGE(J53:J59),0),0) -> 104 | K60: =IFERROR(ROUND(AVERAGE(K53:K59),0),0) -> 0 | L60: =IFERROR(ROUND(AVERAGE(L53:L59),0),0) -> 0 | N60: =IFERROR(ROUND(AVERAGE(N53:N59),0),0) -> 10618 | O60: =IFERROR(SUM(O53:O59),0) -> 160 | P60: =IFERROR(COUNTA(P53:P59),0) -> 4
B62: WEEK NO. | C62: DATE | D62: BODYWEIGHT (kg) | E62: MENSTRUAL CYCLE | F62: MENSTRUAL CYCLE Day // Symptoms | H62: NUTRITION | I62: CALORIES (kcals) | J62: PRO (g) | K62: CHO (g) | L62: FAT (g) | M62: ACTIVITY | N62: STEPS | O62: CARDIO (mins) | P62: RESISTANCE TRAINING Which session?
B63: =B52+1 -> 6 | C63: NOTES | D63: Weigh-in fasted | F63: Enter 1 when you start your period | I63: See dashboard or nutrition tabs for targets.
C64: =IF(ISBLANK($C$9),"",C59+1) -> 45733 | D64: 62 | F64: =IF(ISNUMBER(F59),F59+1,"") | J64: )
C65: =IF(ISBLANK($C$9),"",C64+1) -> 45734 | F65: =IF(ISNUMBER(F64),F64+1,"") | I65: =J65*4+K65*4+L65*9 -> 0
C66: =IF(ISBLANK($C$9),"",C65+1) -> 45735 | F66: =IF(ISNUMBER(F65),F65+1,"") | I66: =J66*4+K66*4+L66*9 -> 0
C67: =IF(ISBLANK($C$9),"",C66+1) -> 45736 | F67: =IF(ISNUMBER(F66),F66+1,"") | I67: =J67*4+K67*4+L67*9 -> 0
C68: =IF(ISBLANK($C$9),"",C67+1) -> 45737 | F68: =IF(ISNUMBER(F67),F67+1,"") | I68: =J68*4+K68*4+L68*9 -> 0
C69: =IF(ISBLANK($C$9),"",C68+1) -> 45738 | F69: =IF(ISNUMBER(F68),F68+1,"") | I69: =J69*4+K69*4+L69*9 -> 0
C70: =IF(ISBLANK($C$9),"",C69+1) -> 45739 | F70: =IF(ISNUMBER(F69),F69+1,"") | I70: =J70*4+K70*4+L70*9 -> 0
C71: AVERAGES | D71: =IFERROR(ROUND(AVERAGE(D64:D70),1),0) -> 62 | F71: Also list any PMS symptoms | I71: =IFERROR(ROUND(AVERAGEIF(I64:I70,"<>0"),0),0) -> 0 | J71: =IFERROR(ROUND(AVERAGE(J64:J70),0),0) -> 0 | K71: =IFERROR(ROUND(AVERAGE(K64:K70),0),0) -> 0 | L71: =IFERROR(ROUND(AVERAGE(L64:L70),0),0) -> 0 | N71: =IFERROR(ROUND(AVERAGE(N64:N70),0),0) -> 0 | O71: =IFERROR(SUM(O64:O70),0) -> 0 | P71: =IFERROR(COUNTA(P64:P70),0) -> 0
B73: WEEK NO. | C73: DATE | D73: BODYWEIGHT (kg) | E73: MENSTRUAL CYCLE | F73: MENSTRUAL CYCLE Day // Symptoms | H73: NUTRITION | I73: CALORIES (kcals) | J73: PRO (g) | K73: CHO (g) | L73: FAT (g) | M73: ACTIVITY | N73: STEPS | O73: CARDIO (mins) | P73: RESISTANCE TRAINING Which session?
B74: =B63+1 -> 7 | C74: NOTES | D74: Weigh-in fasted | F74: Enter 1 when you start your period | I74: See dashboard or nutrition tabs for targets.
C75: =IF(ISBLANK($C$9),"",C70+1) -> 45740 | D75: 61.2 | F75: =IF(ISNUMBER(F70),F70+1,"") | I75: 1037 | J75: 112 | N75: 10975 | O75: 35 | P75: Upper
C76: =IF(ISBLANK($C$9),"",C75+1) -> 45741 | F76: =IF(ISNUMBER(F75),F75+1,"") | I76: 1037 | J76: 112 | N76: 8976
C77: =IF(ISBLANK($C$9),"",C76+1) -> 45742 | F77: =IF(ISNUMBER(F76),F76+1,"") | I77: 1152 | J77: 118 | N77: 9653 | O77: 35 | P77: Lower
C78: =IF(ISBLANK($C$9),"",C77+1) -> 45743 | F78: =IF(ISNUMBER(F77),F77+1,"") | I78: 1121 | J78: 109 | N78: 10012
C79: =IF(ISBLANK($C$9),"",C78+1) -> 45744 | F79: =IF(ISNUMBER(F78),F78+1,"") | I79: 1257 | J79: 108 | N79: 8763 | O79: 30 | P79: Lower
C80: =IF(ISBLANK($C$9),"",C79+1) -> 45745 | F80: =IF(ISNUMBER(F79),F79+1,"") | I80: 1131 | J80: 106 | N80: 9875 | O80: 35 | P80: Lower
C81: =IF(ISBLANK($C$9),"",C80+1) -> 45746 | F81: =IF(ISNUMBER(F80),F80+1,"") | I81: 1074 | J81: 107 | N81: 8975
C82: AVERAGES | D82: =IFERROR(ROUND(AVERAGE(D75:D81),1),0) -> 61.2 | F82: Also list any PMS symptoms | I82: =IFERROR(ROUND(AVERAGEIF(I75:I81,"<>0"),0),0) -> 1116 | J82: =IFERROR(ROUND(AVERAGE(J75:J81),0),0) -> 110 | K82: =IFERROR(ROUND(AVERAGE(K75:K81),0),0) -> 0 | L82: =IFERROR(ROUND(AVERAGE(L75:L81),0),0) -> 0 | N82: =IFERROR(ROUND(AVERAGE(N75:N81),0),0) -> 9604 | O82: =IFERROR(SUM(O75:O81),0) -> 135 | P82: =IFERROR(COUNTA(P75:P81),0) -> 4
B84: WEEK NO. | C84: DATE | D84: BODYWEIGHT (kg) | E84: MENSTRUAL CYCLE | F84: MENSTRUAL CYCLE Day // Symptoms | H84: NUTRITION | I84: CALORIES (kcals) | J84: PRO (g) | K84: CHO (g) | L84: FAT (g) | M84: ACTIVITY | N84: STEPS | O84: CARDIO (mins) | P84: RESISTANCE TRAINING Which session?
B85: =B74+1 -> 8 | C85: NOTES | D85: Weigh-in fasted | F85: Enter 1 when you start your period | I85: See dashboard or nutrition tabs for targets.
C86: =IF(ISBLANK($C$9),"",C81+1) -> 45747 | F86: =IF(ISNUMBER(F81),F81+1,"") | I86: =J86*4+K86*4+L86*9 -> 0
C87: =IF(ISBLANK($C$9),"",C86+1) -> 45748 | F87: =IF(ISNUMBER(F86),F86+1,"") | I87: =J87*4+K87*4+L87*9 -> 0
C88: =IF(ISBLANK($C$9),"",C87+1) -> 45749 | F88: =IF(ISNUMBER(F87),F87+1,"") | I88: =J88*4+K88*4+L88*9 -> 0
C89: =IF(ISBLANK($C$9),"",C88+1) -> 45750 | F89: =IF(ISNUMBER(F88),F88+1,"") | I89: =J89*4+K89*4+L89*9 -> 0
C90: =IF(ISBLANK($C$9),"",C89+1) -> 45751 | F90: =IF(ISNUMBER(F89),F89+1,"") | I90: =J90*4+K90*4+L90*9 -> 0
C91: =IF(ISBLANK($C$9),"",C90+1) -> 45752 | F91: =IF(ISNUMBER(F90),F90+1,"") | I91: =J91*4+K91*4+L91*9 -> 0
C92: =IF(ISBLANK($C$9),"",C91+1) -> 45753 | F92: =IF(ISNUMBER(F91),F91+1,"") | I92: =J92*4+K92*4+L92*9 -> 0
C93: AVERAGES | D93: =IFERROR(ROUND(AVERAGE(D86:D92),1),0) -> 0 | F93: Also list any PMS symptoms | I93: =IFERROR(ROUND(AVERAGEIF(I86:I92,"<>0"),0),0) -> 0 | J93: =IFERROR(ROUND(AVERAGE(J86:J92),0),0) -> 0 | K93: =IFERROR(ROUND(AVERAGE(K86:K92),0),0) -> 0 | L93: =IFERROR(ROUND(AVERAGE(L86:L92),0),0) -> 0 | N93: =IFERROR(ROUND(AVERAGE(N86:N92),0),0) -> 0 | O93: =IFERROR(SUM(O86:O92),0) -> 0 | P93: =IFERROR(COUNTA(P86:P92),0) -> 0
B95: WEEK NO. | C95: DATE | D95: BODYWEIGHT (kg) | E95: MENSTRUAL CYCLE | F95: MENSTRUAL CYCLE Day // Symptoms | H95: NUTRITION | I95: CALORIES (kcals) | J95: PRO (g) | K95: CHO (g) | L95: FAT (g) | M95: ACTIVITY | N95: STEPS | O95: CARDIO (mins) | P95: RESISTANCE TRAINING Which session?
B96: =B85+1 -> 9 | C96: NOTES | D96: Weigh-in fasted | F96: Enter 1 when you start your period | I96: See dashboard or nutrition tabs for targets.
C97: =IF(ISBLANK($C$9),"",C92+1) -> 45754 | F97: =IF(ISNUMBER(F92),F92+1,"") | I97: =J97*4+K97*4+L97*9 -> 0
C98: =IF(ISBLANK($C$9),"",C97+1) -> 45755 | F98: =IF(ISNUMBER(F97),F97+1,"") | I98: =J98*4+K98*4+L98*9 -> 0
C99: =IF(ISBLANK($C$9),"",C98+1) -> 45756 | F99: =IF(ISNUMBER(F98),F98+1,"") | I99: =J99*4+K99*4+L99*9 -> 0
C100: =IF(ISBLANK($C$9),"",C99+1) -> 45757 | F100: =IF(ISNUMBER(F99),F99+1,"") | I100: =J100*4+K100*4+L100*9 -> 0
C101: =IF(ISBLANK($C$9),"",C100+1) -> 45758 | F101: =IF(ISNUMBER(F100),F100+1,"") | I101: =J101*4+K101*4+L101*9 -> 0
C102: =IF(ISBLANK($C$9),"",C101+1) -> 45759 | F102: =IF(ISNUMBER(F101),F101+1,"") | I102: =J102*4+K102*4+L102*9 -> 0
C103: =IF(ISBLANK($C$9),"",C102+1) -> 45760 | F103: =IF(ISNUMBER(F102),F102+1,"") | I103: =J103*4+K103*4+L103*9 -> 0
C104: AVERAGES | D104: =IFERROR(ROUND(AVERAGE(D97:D103),1),0) -> 0 | F104: Also list any PMS symptoms | I104: =IFERROR(ROUND(AVERAGEIF(I97:I103,"<>0"),0),0) -> 0 | J104: =IFERROR(ROUND(AVERAGE(J97:J103),0),0) -> 0 | K104: =IFERROR(ROUND(AVERAGE(K97:K103),0),0) -> 0 | L104: =IFERROR(ROUND(AVERAGE(L97:L103),0),0) -> 0 | N104: =IFERROR(ROUND(AVERAGE(N97:N103),0),0) -> 0 | O104: =IFERROR(SUM(O97:O103),0) -> 0 | P104: =IFERROR(COUNTA(P97:P103),0) -> 0
...

Sheet Check-In
G1: MAHON PERFORMANCE
C3: NAME | D3: ='Client Dashboard'!E2 -> Becky Marlow
C4: WEEK | D4: =IF(ISBLANK('Daily Tracker'!C4),"",'Daily Tracker'!C4) -> 37 | E4: CLICK HERE
C7: QUESTIONS | G7: WEEK 1 | H7: WEEK 2 | I7: WEEK 3 | J7: WEEK 4 | K7: WEEK 5 | L7: WEEK 6 | M7: WEEK 7 | N7: WEEK 8 | O7: WEEK 9 | P7: WEEK 10 | Q7: WEEK 11 | R7: WEEK 12 | S7: WEEK 13 | T7: WEEK 14 | U7: WEEK 15 | V7: WEEK 16 | W7: WEEK 17 | X7: WEEK 18 | Y7: WEEK 19 | Z7: WEEK 20 | AA7: WEEK 21 | AB7: WEEK 22 | AC7: WEEK 23 | AD7: WEEK 24 | AE7: WEEK 25 | AF7: WEEK 26 | AG7: WEEK 27 | AH7: WEEK 28 | AI7: WEEK 29 | AJ7: WEEK 30 | AK7: WEEK 31 | AL7: WEEK 32 | AM7: WEEK 33 | AN7: WEEK 34 | AO7: WEEK 35 | AP7: WEEK 36 | AQ7: WEEK 37 | AR7: WEEK 38 | AS7: WEEK 39 | AT7: WEEK 40 | AU7: WEEK 41 | AV7: WEEK 42 | AW7: WEEK 43 | AX7: WEEK 44 | AY7: WEEK 45 | AZ7: WEEK 46 | BA7: WEEK 47 | BB7: WEEK 48 | BC7: WEEK 49 | BD7: WEEK 50 | BE7: WEEK 51 | BF7: WEEK 52
B8: 1 | C8: Rate your energy levels on a scale of 1-10 and list any relevant details.
B9: 2 | C9: Rate your muscle soreness on a scale of 1-10 and list any relevant details.
B10: 3 | C10: Rate your stress levels on a scale of 1-10 and list any relevant details.
B11: 4 | C11: Rate your mood on a scale of 1-10 and list any relevant details.
B12: 5 | C12: How was your readiness to train/motivation levels?
B13: 6 | C13: How was your strength and performance during training this week?
B14: 7 | C14: Rate your dietary adherence on a scale of 1-10 and list any relevant details.
B15: 8 | C15: Rate your hunger/appetite on a scale of 1-10 and list any relevant details.
B16: 9 | C16: Rate your cravings on a scale of 1-10 and list any relevant details.
B17: 10 | C17: Have you suffered from any digestive stress or bloating? If so, are there any foods that you noticed caused these digestive issues?
B18: 11 | C18: Average hours of sleep per night?
B19: 12 | C19: Average bed time?
... B21: 14 | C21: Rate your sleep quality on a scale of 1-10 and list any relevant details.
C29: Template and Design by Lucia Hughes

Sheet BW Tracker
X1: 1 | Y1: =IF(ISNA(D3),"",D3) -> 65.2
B2: WEEK | C2: DAILY BW MEASUREMENT | D2: WEEKLY AVERAGE | P2: MAHON PERFORMANCE | X2: 2 | Y2: =IF(ISNA(D10),"",D10) -> 64.6
B3: 1 | C3: ='Daily Tracker'!D9 | D3: =IFERROR(ROUND(AVERAGE(C3:C9),1),NA()) -> 65.2 | X3: 3 | Y3: =IF(ISNA(D17),"",D17) -> 63.5
C4: ='Daily Tracker'!D10 | X4: 4 | Y4: =IF(ISNA(D24),"",D24) -> 63
C5: ='Daily Tracker'!D11 | X5: 5 | Y5: =IF(ISNA(D31),"",D31) -> 63.5
C6: ='Daily Tracker'!D12 | X6: 6 | Y6: =IF(ISNA(D38),"",D38) -> 62
C7: ='Daily Tracker'!D13 | X7: 7 | Y7: =IF(ISNA(D45),"",D45) -> 61.2
C8: ='Daily Tracker'!D14 | X8: 8 | Y8: =IF(ISNA(D52),"",D52)
C9: ='Daily Tracker'!D15 -> 65.15 | X9: 9 | Y9: =IF(ISNA(D59),"",D59)
B10: =B3+1 -> 2 | C10: ='Daily Tracker'!D20 -> 64.85 | D10: =IFERROR(ROUND(AVERAGE(C10:C16),1),NA()) -> 64.6 | X10: 10 | Y10: =IF(ISNA(D66),"",D66)
C11: ='Daily Tracker'!D21 | X11: 11 | Y11: =IF(ISNA(D73),"",D73)
C12: ='Daily Tracker'!D22 -> 64.6 | X12: 12 | Y12: =IF(ISNA(D80),"",D80)
C13: ='Daily Tracker'!D23 -> 64.5 | X13: 13 | Y13: =IF(ISNA(D87),"",D87)
C14: ='Daily Tracker'!D24 | X14: 14 | Y14: =IF(ISNA(D94),"",D94)
C15: ='Daily Tracker'!D25 | X15: 15 | Y15: =IF(ISNA(D101),"",D101)
C16: ='Daily Tracker'!D26 -> 64.5 | X16: 16 | Y16: =IF(ISNA(D108),"",D108)
B17: =B10+1 -> 3 | C17: ='Daily Tracker'!D31 -> 63.5 | D17: =IFERROR(ROUND(AVERAGE(C17:C23),1),NA()) -> 63.5 | X17: 17 | Y17: =IF(ISNA(D115),"",D115)
C18: ='Daily Tracker'!D32 | X18: 18 | Y18: =IF(ISNA(D122),"",D122)
C19: ='Daily Tracker'!D33 | X19: 19 | Y19: =IF(ISNA(D129),"",D129)
C20: ='Daily Tracker'!D34 | X20: 20 | Y20: =IF(ISNA(D136),"",D136)
C21: ='Daily Tracker'!D35 | X21: 21 | Y21: =IF(ISNA(D143),"",D143)
C22: ='Daily Tracker'!D36 | X22: 22 | Y22: =IF(ISNA(D150),"",D150)
C23: ='Daily Tracker'!D37 | X23: 23 | Y23: =IF(ISNA(D157),"",D157)
B24: =B17+1 -> 4 | C24: ='Daily Tracker'!D42 -> 63 | D24: =IFERROR(ROUND(AVERAGE(C24:C30),1),NA()) -> 63 | X24: 24 | Y24: =IF(ISNA(D164),"",D164)
C25: ='Daily Tracker'!D43 | X25: 25 | Y25: =IF(ISNA(D171),"",D171)
C26: ='Daily Tracker'!D44 | X26: 26 | Y26: =IF(ISNA(D178),"",D178)
C27: ='Daily Tracker'!D45 | X27: 27 | Y27: =IF(ISNA(D185),"",D185)
C28: ='Daily Tracker'!D46 | X28: 28 | Y28: =IF(ISNA(D192),"",D192)
C29: ='Daily Tracker'!D47 | X29: 29 | Y29: =IF(ISNA(D199),"",D199)
C30: ='Daily Tracker'!D48 | X30: 30 | Y30: =IF(ISNA(D206),"",D206)
B31: =B24+1 -> 5 | C31: ='Daily Tracker'!D53 -> 64 | D31: =IFERROR(ROUND(AVERAGE(C31:C37),1),NA()) -> 63.5 | X31: 31 | Y31: =IF(ISNA(D213),"",D213)
C32: ='Daily Tracker'!D54 | X32: 32 | Y32: =IF(ISNA(D220),"",D220)
C33: ='Daily Tracker'!D55 -> 63.8 | X33: 33 | Y33: =IF(ISNA(D227),"",D227)
C34: ='Daily Tracker'!D56 -> 63.5 | X34: 34 | Y34: =IF(ISNA(D234),"",D234)
C35: ='Daily Tracker'!D57 -> 62.95 | X35: 35 | Y35: =IF(ISNA(D241),"",D241)
C36: ='Daily Tracker'!D58 -> 63.2 | X36: 36 | Y36: =IF(ISNA(D248),"",D248)
C37: ='Daily Tracker'!D59 | X37: 37 | Y37: =IF(ISNA(D255),"",D255)
B38: =B31+1 -> 6 | C38: ='Daily Tracker'!D64 -> 62 | D38: =IFERROR(ROUND(AVERAGE(C38:C44),1),NA()) -> 62 | X38: 38 | Y38: =IF(ISNA(D262),"",D262)
C39: ='Daily Tracker'!D65 | X39: 39 | Y39: =IF(ISNA(D269),"",D269)
C40: ='Daily Tracker'!D66 | X40: 40 | Y40: =IF(ISNA(D276),"",D276)
C41: ='Daily Tracker'!D67 | X41: 41 | Y41: =IF(ISNA(D283),"",D283)
C42: ='Daily Tracker'!D68 | X42: 42 | Y42: =IF(ISNA(D290),"",D290)
C43: ='Daily Tracker'!D69 | X43: 43 | Y43: =IF(ISNA(D297),"",D297)
C44: ='Daily Tracker'!D70 | X44: 44 | Y44: =IF(ISNA(D304),"",D304)
B45: =B38+1 -> 7 | C45: ='Daily Tracker'!D75 -> 61.2 | D45: =IFERROR(ROUND(AVERAGE(C45:C51),1),NA()) -> 61.2 | X45: 45 | Y45: =IF(ISNA(D311),"",D311)
C46: ='Daily Tracker'!D76 | X46: 46 | Y46: =IF(ISNA(D318),"",D318)
C47: ='Daily Tracker'!D77 | X47: 47 | Y47: =IF(ISNA(D325),"",D325)
C48: ='Daily Tracker'!D78 | X48: 48 | Y48: =IF(ISNA(D332),"",D332)
C49: ='Daily Tracker'!D79 | X49: 49 | Y49: =IF(ISNA(D339),"",D339)
C50: ='Daily Tracker'!D80 | X50: 50 | Y50: =IF(ISNA(D346),"",D346)
C51: ='Daily Tracker'!D81 | X51: 51 | Y51: =IF(ISNA(D353),"",D353)
B52: =B45+1 -> 8 | C52: ='Daily Tracker'!D86 | D52: =IFERROR(ROUND(AVERAGE(C52:C58),1),NA()) -> #N/A | X52: 52 | Y52: =IF(ISNA(D360),"",D360)
C53: ='Daily Tracker'!D87
C54: ='Daily Tracker'!D88
C55: ='Daily Tracker'!D89
C56: ='Daily Tracker'!D90
C57: ='Daily Tracker'!D91
C58: ='Daily Tracker'!D92
B59: =B52+1 -> 9 | C59: ='Daily Tracker'!D97 | D59: =IFERROR(ROUND(AVERAGE(C59:C65),1),NA()) -> #N/A
C60: ='Daily Tracker'!D98
C61: ='Daily Tracker'!D99
C62: ='Daily Tracker'!D100
C63: ='Daily Tracker'!D101
C64: ='Daily Tracker'!D102
C65: ='Daily Tracker'!D103
B66: =B59+1 -> 10 | C66: ='Daily Tracker'!D108 | D66: =IFERROR(ROUND(AVERAGE(C66:C72),1),NA()) -> #N/A
C67: ='Daily Tracker'!D109
C68: ='Daily Tracker'!D110
C69: ='Daily Tracker'!D111
C70: ='Daily Tracker'!D112
C71: ='Daily Tracker'!D113
C72: ='Daily Tracker'!D114
B73: =B66+1 -> 11 | C73: ='Daily Tracker'!D119 | D73: =IFERROR(ROUND(AVERAGE(C73:C79),1),NA()) -> #N/A
C74: ='Daily Tracker'!D120
C75: ='Daily Tracker'!D121
C76: ='Daily Tracker'!D122
C77: ='Daily Tracker'!D123
C78: ='Daily Tracker'!D124
C79: ='Daily Tracker'!D125
B80: =B73+1 -> 12 | C80: ='Daily Tracker'!D130 | D80: =IFERROR(ROUND(AVERAGE(C80:C86),1),NA()) -> #N/A
C81: ='Daily Tracker'!D131
C82: ='Daily Tracker'!D132
C83: ='Daily Tracker'!D133
C84: ='Daily Tracker'!D134
C85: ='Daily Tracker'!D135
C86: ='Daily Tracker'!D136
B87: =B80+1 -> 13 | C87: ='Daily Tracker'!D141 | D87: =IFERROR(ROUND(AVERAGE(C87:C93),1),NA()) -> #N/A
C88: ='Daily Tracker'!D142
C89: ='Daily Tracker'!D143
C90: ='Daily Tracker'!D144
C91: ='Daily Tracker'!D145
C92: ='Daily Tracker'!D146
C93: ='Daily Tracker'!D147
B94: =B87+1 -> 14 | C94: ='Daily Tracker'!D152 | D94: =IFERROR(ROUND(AVERAGE(C94:C100),1),NA()) -> #N/A
C95: ='Daily Tracker'!D153
C96: ='Daily Tracker'!D154
C97: ='Daily Tracker'!D155
C98: ='Daily Tracker'!D156
C99: ='Daily Tracker'!D157
C100: ='Daily Tracker'!D158
...

Sheet Measurements
B2: WEEK | C2: WAIST | D2: HIPS | E2: ARM | F2: THIGH | Q2: MAHON PERFORMANCE
B3: 1
B4: 2
B5: 3
B6: 4
B7: 5
B8: 6
B9: 7
B10: 8
B11: 9
B12: 10
B13: 11
B14: 12
... B54: 52
B55: Template and Design by Lucia Hughes

Sheet Resistance Training
B1: MAHON PERFORMANCE
D3: NAME
D4: START DATE
D5: WEEK ON PROGRAMME | F5: =IF(ISBLANK(F4),"",ROUNDUP((TODAY()-F4)/7,0))
B7: DAY 1
B8: ORDER | C8: EXERCISE | D8: SETS | E8: REPS | F8: TEMPO | J8: INTENSITY | K8: NOTES | L8: VIDEO LINK
C9: Seated Hamstring Curl | D9: 2 | E9: 45881 | F9: 3 | G9: 0 | H9: 1 | I9: 1 | K9: =IF(ISBLANK(C9),"",IFERROR((VLOOKUP(C9,'Exercise List'!$C:$E,2,FALSE)),"")) & " " & "" | L9: =IF(ISBLANK(C9),"",IF(ISBLANK(VLOOKUP(C9,'Exercise List'!$C:$E,3,FALSE)),"",IFERROR(HYPERLINK(VLOOKUP(C9,'Exercise List'!$C:$E,3,FALSE),"Link"),"")))
C10: Hack Squat | D10: 2 | E10: 45785 | F10: 3 | G10: 0 | H10: 1 | I10: 1
C11: RDL | D11: 2 | E11: 5-8 8-12 | F11: 3 | G11: 0 | H11: 1 | I11: 1 | K11: =IF(ISBLANK(C11),"",IFERROR((VLOOKUP(C11,'Exercise List'!$C:$E,2,FALSE)),"")) & " " & "" | L11: =IF(ISBLANK(C11),"",IF(ISBLANK(VLOOKUP(C11,'Exercise List'!$C:$E,3,FALSE)),"",IFERROR(HYPERLINK(VLOOKUP(C11,'Exercise List'!$C:$E,3,FALSE),"Link"),"")))
C12: FFE Split Squat | D12: 2 | E12: 45881 | F12: 3 | G12: 0 | H12: 1 | I12: 1 | K12: =IF(ISBLANK(C12),"",IFERROR((VLOOKUP(C12,'Exercise List'!$C:$E,2,FALSE)),"")) & " " & "" | L12: =IF(ISBLANK(C12),"",IF(ISBLANK(VLOOKUP(C12,'Exercise List'!$C:$E,3,FALSE)),"",IFERROR(HYPERLINK(VLOOKUP(C12,'Exercise List'!$C:$E,3,FALSE),"Link"),"")))
C13: Leg Press | D13: 2 | E13: 45881 | F13: 3 | G13: 0 | H13: 1 | I13: 1 | K13: =IF(ISBLANK(C13),"",IFERROR((VLOOKUP(C13,'Exercise List'!$C:$E,2,FALSE)),"")) & " " & "" | L13: =IF(ISBLANK(C13),"",IF(ISBLANK(VLOOKUP(C13,'Exercise List'!$C:$E,3,FALSE)),"",IFERROR(HYPERLINK(VLOOKUP(C13,'Exercise List'!$C:$E,3,FALSE),"Link"),"")))
C14: Glute Kickback | D14: 2 | E14: 45881 | F14: 3 | G14: 0 | H14: 1 | I14: 1 | K14: =IF(ISBLANK(C14),"",IFERROR((VLOOKUP(C14,'Exercise List'!$C:$E,2,FALSE)),"")) & " " & "" | L14: =IF(ISBLANK(C14),"",IF(ISBLANK(VLOOKUP(C14,'Exercise List'!$C:$E,3,FALSE)),"",IFERROR(HYPERLINK(VLOOKUP(C14,'Exercise List'!$C:$E,3,FALSE),"Link"),"")))
K15: =IF(ISBLANK(C15),"",IFERROR((VLOOKUP(C15,'Exercise List'!$C:$E,2,FALSE)),"")) & " " & "" | L15: =IF(ISBLANK(C15),"",IF(ISBLANK(VLOOKUP(C15,'Exercise List'!$C:$E,3,FALSE)),"",IFERROR(HYPERLINK(VLOOKUP(C15,'Exercise List'!$C:$E,3,FALSE),"Link"),"")))
K16: =IF(ISBLANK(C16),"",IFERROR((VLOOKUP(C16,'Exercise List'!$C:$E,2,FALSE)),"")) & " " & "" | L16: =IF(ISBLANK(C16),"",IF(ISBLANK(VLOOKUP(C16,'Exercise List'!$C:$E,3,FALSE)),"",IFERROR(HYPERLINK(VLOOKUP(C16,'Exercise List'!$C:$E,3,FALSE),"Link"),"")))
K17: =IF(ISBLANK(C17),"",IFERROR((VLOOKUP(C17,'Exercise List'!$C:$E,2,FALSE)),"")) & " " & "" | L17: =IF(ISBLANK(C17),"",IF(ISBLANK(VLOOKUP(C17,'Exercise List'!$C:$E,3,FALSE)),"",IFERROR(HYPERLINK(VLOOKUP(C17,'Exercise List'!$C:$E,3,FALSE),"Link"),"")))
K18: =IF(ISBLANK(C18),"",IFERROR((VLOOKUP(C18,'Exercise List'!$C:$E,2,FALSE)),"")) & " " & "" | L18: =IF(ISBLANK(C18),"",IF(ISBLANK(VLOOKUP(C18,'Exercise List'!$C:$E,3,FALSE)),"",IFERROR(HYPERLINK(VLOOKUP(C18,'Exercise List'!$C:$E,3,FALSE),"Link"),"")))
K19: =IF(ISBLANK(C19),"",IFERROR((VLOOKUP(C19,'Exercise List'!$C:$E,2,FALSE)),"")) & " " & "" | L19: =IF(ISBLANK(C19),"",IF(ISBLANK(VLOOKUP(C19,'Exercise List'!$C:$E,3,FALSE)),"",IFERROR(HYPERLINK(VLOOKUP(C19,'Exercise List'!$C:$E,3,FALSE),"Link"),"")))
K20: =IF(ISBLANK(C20),"",IFERROR((VLOOKUP(C20,'Exercise List'!$C:$E,2,FALSE)),"")) & " " & "" | L20: =IF(ISBLANK(C20),"",IF(ISBLANK(VLOOKUP(C20,'Exercise List'!$C:$E,3,FALSE)),"",IFERROR(HYPERLINK(VLOOKUP(C20,'Exercise List'!$C:$E,3,FALSE),"Link"),"")))
K21: =IF(ISBLANK(C21),"",IFERROR((VLOOKUP(C21,'Exercise List'!$C:$E,2,FALSE)),"")) & " " & "" | L21: =IF(ISBLANK(C21),"",IF(ISBLANK(VLOOKUP(C21,'Exercise List'!$C:$E,3,FALSE)),"",IFERROR(HYPERLINK(VLOOKUP(C21,'Exercise List'!$C:$E,3,FALSE),"Link"),"")))
K22: =IF(ISBLANK(C22),"",IFERROR((VLOOKUP(C22,'Exercise List'!$C:$E,2,FALSE)),"")) & " " & "" | L22: =IF(ISBLANK(C22),"",IF(ISBLANK(VLOOKUP(C22,'Exercise List'!$C:$E,3,FALSE)),"",IFERROR(HYPERLINK(VLOOKUP(C22,'Exercise List'!$C:$E,3,FALSE),"Link"),"")))
K23: =IF(ISBLANK(C23),"",IFERROR((VLOOKUP(C23,'Exercise List'!$C:$E,2,FALSE)),"")) & " " & "" | L23: =IF(ISBLANK(C23),"",IF(ISBLANK(VLOOKUP(C23,'Exercise List'!$C:$E,3,FALSE)),"",IFERROR(HYPERLINK(VLOOKUP(C23,'Exercise List'!$C:$E,3,FALSE),"Link"),"")))
B25: DAY 2
B26: ORDER | C26: EXERCISE | D26: SETS | E26: REPS | F26: TEMPO | J26: INTENSITY | K26: NOTES | L26: VIDEO LINK
C27: Lat Pulldown | D27: 2 | E27: 5-8 8-12 | F27: 3 | G27: 0 | H27: 1 | I27: 1 | K27: =IF(ISBLANK(C27),"",IFERROR((VLOOKUP(C27,'Exercise List'!$C:$E,2,FALSE)),"")) & " " & "" | L27: =IF(ISBLANK(C27),"",IF(ISBLANK(VLOOKUP(C27,'Exercise List'!$C:$E,3,FALSE)),"",IFERROR(HYPERLINK(VLOOKUP(C27,'Exercise List'!$C:$E,3,FALSE),"Link"),"")))
C28: Hammer Strength Shoulder Press | D28: 2 | E28: 5-8 8-12 | F28: 3 | G28: 0 | H28: 1 | I28: 1 | K28: =IF(ISBLANK(C28),"",IFERROR((VLOOKUP(C28,'Exercise List'!$C:$E,2,FALSE)),"")) & " " & "" | L28: =IF(ISBLANK(C28),"",IF(ISBLANK(VLOOKUP(C28,'Exercise List'!$C:$E,3,FALSE)),"",IFERROR(HYPERLINK(VLOOKUP(C28,'Exercise List'!$C:$E,3,FALSE),"Link"),"")))
C29: Dumbbell Lateral raise | D29: 2 | E29: 5-8 8-12 | F29: 3 | G29: 0 | H29: 1 | I29: 1 | K29: =IF(ISBLANK(C29),"",IFERROR((VLOOKUP(C29,'Exercise List'!$C:$E,2,FALSE)),"")) & " " & "" | L29: =IF(ISBLANK(C29),"",IF(ISBLANK(VLOOKUP(C29,'Exercise List'!$C:$E,3,FALSE)),"",IFERROR(HYPERLINK(VLOOKUP(C29,'Exercise List'!$C:$E,3,FALSE),"Link"),"")))
C30: Dumbbell Bench Press | D30: 2 | E30: 5-8 8-12 | F30: 3 | G30: 0 | H30: 1 | I30: 1 | K30: =IF(ISBLANK(C30),"",IFERROR((VLOOKUP(C30,'Exercise List'!$C:$E,2,FALSE)),"")) & " " & "" | L30: =IF(ISBLANK(C30),"",IF(ISBLANK(VLOOKUP(C30,'Exercise List'!$C:$E,3,FALSE)),"",IFERROR(HYPERLINK(VLOOKUP(C30,'Exercise List'!$C:$E,3,FALSE),"Link"),"")))
C31: Cable Row | D31: 2 | E31: 5-8 8-12 | F31: 3 | G31: 0 | H31: 1 | I31: 1 | K31: =IF(ISBLANK(C31),"",IFERROR((VLOOKUP(C31,'Exercise List'!$C:$E,2,FALSE)),"")) & " " & "" | L31: =IF(ISBLANK(C31),"",IF(ISBLANK(VLOOKUP(C31,'Exercise List'!$C:$E,3,FALSE)),"",IFERROR(HYPERLINK(VLOOKUP(C31,'Exercise List'!$C:$E,3,FALSE),"Link"),"")))
C32: Cable Curl | D32: 2 | E32: 5-8 8-12 | F32: 3 | G32: 0 | H32: 1 | I32: 1 | K32: =IF(ISBLANK(C32),"",IFERROR((VLOOKUP(C32,'Exercise List'!$C:$E,2,FALSE)),"")) & " " & "" | L32: =IF(ISBLANK(C32),"",IF(ISBLANK(VLOOKUP(C32,'Exercise List'!$C:$E,3,FALSE)),"",IFERROR(HYPERLINK(VLOOKUP(C32,'Exercise List'!$C:$E,3,FALSE),"Link"),"")))
C33: Cable Pushdown | D33: 2 | E33: 5-8 8-12 | F33: 3 | G33: 0 | H33: 1 | I33: 1 | K33: =IF(ISBLANK(C33),"",IFERROR((VLOOKUP(C33,'Exercise List'!$C:$E,2,FALSE)),"")) & " " & "" | L33: =IF(ISBLANK(C33),"",IF(ISBLANK(VLOOKUP(C33,'Exercise List'!$C:$E,3,FALSE)),"",IFERROR(HYPERLINK(VLOOKUP(C33,'Exercise List'!$C:$E,3,FALSE),"Link"),"")))
K34: =IF(ISBLANK(C34),"",IFERROR((VLOOKUP(C34,'Exercise List'!$C:$E,2,FALSE)),"")) & " " & "" | L34: =IF(ISBLANK(C34),"",IF(ISBLANK(VLOOKUP(C34,'Exercise List'!$C:$E,3,FALSE)),"",IFERROR(HYPERLINK(VLOOKUP(C34,'Exercise List'!$C:$E,3,FALSE),"Link"),"")))
K35: =IF(ISBLANK(C35),"",IFERROR((VLOOKUP(C35,'Exercise List'!$C:$E,2,FALSE)),"")) & " " & "" | L35: =IF(ISBLANK(C35),"",IF(ISBLANK(VLOOKUP(C35,'Exercise List'!$C:$E,3,FALSE)),"",IFERROR(HYPERLINK(VLOOKUP(C35,'Exercise List'!$C:$E,3,FALSE),"Link"),"")))
K36: =IF(ISBLANK(C36),"",IFERROR((VLOOKUP(C36,'Exercise List'!$C:$E,2,FALSE)),"")) & " " & "" | L36: =IF(ISBLANK(C36),"",IF(ISBLANK(VLOOKUP(C36,'Exercise List'!$C:$E,3,FALSE)),"",IFERROR(HYPERLINK(VLOOKUP(C36,'Exercise List'!$C:$E,3,FALSE),"Link"),"")))
K37: =IF(ISBLANK(C37),"",IFERROR((VLOOKUP(C37,'Exercise List'!$C:$E,2,FALSE)),"")) & " " & "" | L37: =IF(ISBLANK(C37),"",IF(ISBLANK(VLOOKUP(C37,'Exercise List'!$C:$E,3,FALSE)),"",IFERROR(HYPERLINK(VLOOKUP(C37,'Exercise List'!$C:$E,3,FALSE),"Link"),"")))
K38: =IF(ISBLANK(C38),"",IFERROR((VLOOKUP(C38,'Exercise List'!$C:$E,2,FALSE)),"")) & " " & "" | L38: =IF(ISBLANK(C38),"",IF(ISBLANK(VLOOKUP(C38,'Exercise List'!$C:$E,3,FALSE)),"",IFERROR(HYPERLINK(VLOOKUP(C38,'Exercise List'!$C:$E,3,FALSE),"Link"),"")))
K39: =IF(ISBLANK(C39),"",IFERROR((VLOOKUP(C39,'Exercise List'!$C:$E,2,FALSE)),"")) & " " & "" | L39: =IF(ISBLANK(C39),"",IF(ISBLANK(VLOOKUP(C39,'Exercise List'!$C:$E,3,FALSE)),"",IFERROR(HYPERLINK(VLOOKUP(C39,'Exercise List'!$C:$E,3,FALSE),"Link"),"")))
K40: =IF(ISBLANK(C40),"",IFERROR((VLOOKUP(C40,'Exercise List'!$C:$E,2,FALSE)),"")) & " " & "" | L40: =IF(ISBLANK(C40),"",IF(ISBLANK(VLOOKUP(C40,'Exercise List'!$C:$E,3,FALSE)),"",IFERROR(HYPERLINK(VLOOKUP(C40,'Exercise List'!$C:$E,3,FALSE),"Link"),"")))
K41: =IF(ISBLANK(C41),"",IFERROR((VLOOKUP(C41,'Exercise List'!$C:$E,2,FALSE)),"")) & " " & "" | L41: =IF(ISBLANK(C41),"",IF(ISBLANK(VLOOKUP(C41,'Exercise List'!$C:$E,3,FALSE)),"",IFERROR(HYPERLINK(VLOOKUP(C41,'Exercise List'!$C:$E,3,FALSE),"Link"),"")))
B43: DAY 3
B44: ORDER | C44: EXERCISE | D44: SETS | E44: REPS | F44: TEMPO | J44: INTENSITY | K44: NOTES | L44: VIDEO LINK
C45: Barbell Squat | D45: 2 | E45: 5-8 8-12 | F45: 3 | G45: 0 | H45: 1 | I45: 1 | K45: =IF(ISBLANK(C45),"",IFERROR((VLOOKUP(C45,'Exercise List'!$C:$E,2,FALSE)),"")) & " " & "" | L45: =IF(ISBLANK(C45),"",IF(ISBLANK(VLOOKUP(C45,'Exercise List'!$C:$E,3,FALSE)),"",IFERROR(HYPERLINK(VLOOKUP(C45,'Exercise List'!$C:$E,3,FALSE),"Link"),"")))
C46: Hip Thrust | D46: 2 | E46: 5-8 8-12 | F46: 3 | G46: 0 | H46: 1 | I46: 1 | K46: =IF(ISBLANK(C46),"",IFERROR((VLOOKUP(C46,'Exercise List'!$C:$E,2,FALSE)),"")) & " " & "" | L46: =IF(ISBLANK(C46),"",IF(ISBLANK(VLOOKUP(C46,'Exercise List'!$C:$E,3,FALSE)),"",IFERROR(HYPERLINK(VLOOKUP(C46,'Exercise List'!$C:$E,3,FALSE),"Link"),"")))
C47: Dumbell RDL | D47: 2 | E47: 5-8 8-12 | F47: 3 | G47: 0 | H47: 1 | I47: 1 | K47: =IF(ISBLANK(C47),"",IFERROR((VLOOKUP(C47,'Exercise List'!$C:$E,2,FALSE)),"")) & " " & "" | L47: =IF(ISBLANK(C47),"",IF(ISBLANK(VLOOKUP(C47,'Exercise List'!$C:$E,3,FALSE)),"",IFERROR(HYPERLINK(VLOOKUP(C47,'Exercise List'!$C:$E,3,FALSE),"Link"),"")))
C48: Walking Lunges | D48: 2 | E48: 5-8 8-12 | F48: 3 | G48: 0 | H48: 1 | I48: 1 | K48: =IF(ISBLANK(C48),"",IFERROR((VLOOKUP(C48,'Exercise List'!$C:$E,2,FALSE)),"")) & " " & "" | L48: =IF(ISBLANK(C48),"",IF(ISBLANK(VLOOKUP(C48,'Exercise List'!$C:$E,3,FALSE)),"",IFERROR(HYPERLINK(VLOOKUP(C48,'Exercise List'!$C:$E,3,FALSE),"Link"),"")))
C49: Paused Leg Press | D49: 3 | E49: 5-8 8-12 10-15 | F49: 3 | G49: 0 | H49: 1 | I49: 1 | K49: =IF(ISBLANK(C49),"",IFERROR((VLOOKUP(C49,'Exercise List'!$C:$E,2,FALSE)),"")) & " " & "" | L49: =IF(ISBLANK(C49),"",IF(ISBLANK(VLOOKUP(C49,'Exercise List'!$C:$E,3,FALSE)),"",IFERROR(HYPERLINK(VLOOKUP(C49,'Exercise List'!$C:$E,3,FALSE),"Link"),"")))
K50: =IF(ISBLANK(C50),"",IFERROR((VLOOKUP(C50,'Exercise List'!$C:$E,2,FALSE)),"")) & " " & "" | L50: =IF(ISBLANK(C50),"",IF(ISBLANK(VLOOKUP(C50,'Exercise List'!$C:$E,3,FALSE)),"",IFERROR(HYPERLINK(VLOOKUP(C50,'Exercise List'!$C:$E,3,FALSE),"Link"),"")))
K51: =IF(ISBLANK(C51),"",IFERROR((VLOOKUP(C51,'Exercise List'!$C:$E,2,FALSE)),"")) & " " & "" | L51: =IF(ISBLANK(C51),"",IF(ISBLANK(VLOOKUP(C51,'Exercise List'!$C:$E,3,FALSE)),"",IFERROR(HYPERLINK(VLOOKUP(C51,'Exercise List'!$C:$E,3,FALSE),"Link"),"")))
K52: =IF(ISBLANK(C52),"",IFERROR((VLOOKUP(C52,'Exercise List'!$C:$E,2,FALSE)),"")) & " " & "" | L52: =IF(ISBLANK(C52),"",IF(ISBLANK(VLOOKUP(C52,'Exercise List'!$C:$E,3,FALSE)),"",IFERROR(HYPERLINK(VLOOKUP(C52,'Exercise List'!$C:$E,3,FALSE),"Link"),"")))
K53: =IF(ISBLANK(C53),"",IFERROR((VLOOKUP(C53,'Exercise List'!$C:$E,2,FALSE)),"")) & " " & "" | L53: =IF(ISBLANK(C53),"",IF(ISBLANK(VLOOKUP(C53,'Exercise List'!$C:$E,3,FALSE)),"",IFERROR(HYPERLINK(VLOOKUP(C53,'Exercise List'!$C:$E,3,FALSE),"Link"),"")))
K54: =IF(ISBLANK(C54),"",IFERROR((VLOOKUP(C54,'Exercise List'!$C:$E,2,FALSE)),"")) & " " & "" | L54: =IF(ISBLANK(C54),"",IF(ISBLANK(VLOOKUP(C54,'Exercise List'!$C:$E,3,FALSE)),"",IFERROR(HYPERLINK(VLOOKUP(C54,'Exercise List'!$C:$E,3,FALSE),"Link"),"")))
K55: =IF(ISBLANK(C55),"",IFERROR((VLOOKUP(C55,'Exercise List'!$C:$E,2,FALSE)),"")) & " " & "" | L55: =IF(ISBLANK(C55),"",IF(ISBLANK(VLOOKUP(C55,'Exercise List'!$C:$E,3,FALSE)),"",IFERROR(HYPERLINK(VLOOKUP(C55,'Exercise List'!$C:$E,3,FALSE),"Link"),"")))
K56: =IF(ISBLANK(C56),"",IFERROR((VLOOKUP(C56,'Exercise List'!$C:$E,2,FALSE)),"")) & " " & "" | L56: =IF(ISBLANK(C56),"",IF(ISBLANK(VLOOKUP(C56,'Exercise List'!$C:$E,3,FALSE)),"",IFERROR(HYPERLINK(VLOOKUP(C56,'Exercise List'!$C:$E,3,FALSE),"Link"),"")))
K57: =IF(ISBLANK(C57),"",IFERROR((VLOOKUP(C57,'Exercise List'!$C:$E,2,FALSE)),"")) & " " & "" | L57: =IF(ISBLANK(C57),"",IF(ISBLANK(VLOOKUP(C57,'Exercise List'!$C:$E,3,FALSE)),"",IFERROR(HYPERLINK(VLOOKUP(C57,'Exercise List'!$C:$E,3,FALSE),"Link"),"")))
K58: =IF(ISBLANK(C58),"",IFERROR((VLOOKUP(C58,'Exercise List'!$C:$E,2,FALSE)),"")) & " " & "" | L58: =IF(ISBLANK(C58),"",IF(ISBLANK(VLOOKUP(C58,'Exercise List'!$C:$E,3,FALSE)),"",IFERROR(HYPERLINK(VLOOKUP(C58,'Exercise List'!$C:$E,3,FALSE),"Link"),"")))
K59: =IF(ISBLANK(C59),"",IFERROR((VLOOKUP(C59,'Exercise List'!$C:$E,2,FALSE)),"")) & " " & "" | L59: =IF(ISBLANK(C59),"",IF(ISBLANK(VLOOKUP(C59,'Exercise List'!$C:$E,3,FALSE)),"",IFERROR(HYPERLINK(VLOOKUP(C59,'Exercise List'!$C:$E,3,FALSE),"Link"),"")))
B61: DAY 4
B62: ORDER | C62: EXERCISE | E62: REPS | F62: TEMPO | J62: INTENSITY | K62: NOTES | L62: VIDEO LINK
C63: Lying Hamstring Curl | D63: 2 | E63: 45881 | F63: 3 | G63: 0 | H63: 1 | I63: 1 | K63: =IF(ISBLANK(C63),"",IFERROR((VLOOKUP(C63,'Exercise List'!$C:$E,2,FALSE)),"")) & " " & "" | L63: =IF(ISBLANK(C63),"",IF(ISBLANK(VLOOKUP(C63,'Exercise List'!$C:$E,3,FALSE)),"",IFERROR(HYPERLINK(VLOOKUP(C63,'Exercise List'!$C:$E,3,FALSE),"Link"),"")))
C64: Trap Bar Deadlift | D64: 3 | E64: 45785 | F64: 3 | G64: 0 | H64: 1 | I64: 1 | K64: =IF(ISBLANK(C64),"",IFERROR((VLOOKUP(C64,'Exercise List'!$C:$E,2,FALSE)),"")) & " " & "" | L64: =IF(ISBLANK(C64),"",IF(ISBLANK(VLOOKUP(C64,'Exercise List'!$C:$E,3,FALSE)),"",IFERROR(HYPERLINK(VLOOKUP(C64,'Exercise List'!$C:$E,3,FALSE),"Link"),"")))
C65: Split Squat | D65: 2 | E65: 45881 | F65: 3 | G65: 0 | H65: 1 | I65: 1 | K65: =IF(ISBLANK(C65),"",IFERROR((VLOOKUP(C65,'Exercise List'!$C:$E,2,FALSE)),"")) & " " & "" | L65: =IF(ISBLANK(C65),"",IF(ISBLANK(VLOOKUP(C65,'Exercise List'!$C:$E,3,FALSE)),"",IFERROR(HYPERLINK(VLOOKUP(C65,'Exercise List'!$C:$E,3,FALSE),"Link"),"")))
C66: Leg Press | D66: 2 | E66: 45881 | F66: 3 | G66: 0 | H66: 1 | I66: 1 | K66: =IF(ISBLANK(C66),"",IFERROR((VLOOKUP(C66,'Exercise List'!$C:$E,2,FALSE)),"")) & " " & "" | L66: =IF(ISBLANK(C66),"",IF(ISBLANK(VLOOKUP(C66,'Exercise List'!$C:$E,3,FALSE)),"",IFERROR(HYPERLINK(VLOOKUP(C66,'Exercise List'!$C:$E,3,FALSE),"Link"),"")))
C67: Dumbbell Step Up To Bench | D67: 2 | E67: 45881 | F67: 3 | G67: 0 | H67: 1 | I67: 1 | K67: =IF(ISBLANK(C67),"",IFERROR((VLOOKUP(C67,'Exercise List'!$C:$E,2,FALSE)),"")) & " " & "" | L67: =IF(ISBLANK(C67),"",IF(ISBLANK(VLOOKUP(C67,'Exercise List'!$C:$E,3,FALSE)),"",IFERROR(HYPERLINK(VLOOKUP(C67,'Exercise List'!$C:$E,3,FALSE),"Link"),"")))
K68: =IF(ISBLANK(C68),"",IFERROR((VLOOKUP(C68,'Exercise List'!$C:$E,2,FALSE)),"")) & " " & "" | L68: =IF(ISBLANK(C68),"",IF(ISBLANK(VLOOKUP(C68,'Exercise List'!$C:$E,3,FALSE)),"",IFERROR(HYPERLINK(VLOOKUP(C68,'Exercise List'!$C:$E,3,FALSE),"Link"),"")))
K69: =IF(ISBLANK(C69),"",IFERROR((VLOOKUP(C69,'Exercise List'!$C:$E,2,FALSE)),"")) & " " & "" | L69: =IF(ISBLANK(C69),"",IF(ISBLANK(VLOOKUP(C69,'Exercise List'!$C:$E,3,FALSE)),"",IFERROR(HYPERLINK(VLOOKUP(C69,'Exercise List'!$C:$E,3,FALSE),"Link"),"")))
K70: =IF(ISBLANK(C70),"",IFERROR((VLOOKUP(C70,'Exercise List'!$C:$E,2,FALSE)),"")) & " " & "" | L70: =IF(ISBLANK(C70),"",IF(ISBLANK(VLOOKUP(C70,'Exercise List'!$C:$E,3,FALSE)),"",IFERROR(HYPERLINK(VLOOKUP(C70,'Exercise List'!$C:$E,3,FALSE),"Link"),"")))
K71: =IF(ISBLANK(C71),"",IFERROR((VLOOKUP(C71,'Exercise List'!$C:$E,2,FALSE)),"")) & " " & "" | L71: =IF(ISBLANK(C71),"",IF(ISBLANK(VLOOKUP(C71,'Exercise List'!$C:$E,3,FALSE)),"",IFERROR(HYPERLINK(VLOOKUP(C71,'Exercise List'!$C:$E,3,FALSE),"Link"),"")))
K72: =IF(ISBLANK(C72),"",IFERROR((VLOOKUP(C72,'Exercise List'!$C:$E,2,FALSE)),"")) & " " & "" | L72: =IF(ISBLANK(C72),"",IF(ISBLANK(VLOOKUP(C72,'Exercise List'!$C:$E,3,FALSE)),"",IFERROR(HYPERLINK(VLOOKUP(C72,'Exercise List'!$C:$E,3,FALSE),"Link"),"")))
K73: =IF(ISBLANK(C73),"",IFERROR((VLOOKUP(C73,'Exercise List'!$C:$E,2,FALSE)),"")) & " " & "" | L73: =IF(ISBLANK(C73),"",IF(ISBLANK(VLOOKUP(C73,'Exercise List'!$C:$E,3,FALSE)),"",IFERROR(HYPERLINK(VLOOKUP(C73,'Exercise List'!$C:$E,3,FALSE),"Link"),"")))
K74: =IF(ISBLANK(C74),"",IFERROR((VLOOKUP(C74,'Exercise List'!$C:$E,2,FALSE)),"")) & " " & "" | L74: =IF(ISBLANK(C74),"",IF(ISBLANK(VLOOKUP(C74,'Exercise List'!$C:$E,3,FALSE)),"",IFERROR(HYPERLINK(VLOOKUP(C74,'Exercise List'!$C:$E,3,FALSE),"Link"),"")))
K75: =IF(ISBLANK(C75),"",IFERROR((VLOOKUP(C75,'Exercise List'!$C:$E,2,FALSE)),"")) & " " & "" | L75: =IF(ISBLANK(C75),"",IF(ISBLANK(VLOOKUP(C75,'Exercise List'!$C:$E,3,FALSE)),"",IFERROR(HYPERLINK(VLOOKUP(C75,'Exercise List'!$C:$E,3,FALSE),"Link"),"")))
K76: =IF(ISBLANK(C76),"",IFERROR((VLOOKUP(C76,'Exercise List'!$C:$E,2,FALSE)),"")) & " " & "" | L76: =IF(ISBLANK(C76),"",IF(ISBLANK(VLOOKUP(C76,'Exercise List'!$C:$E,3,FALSE)),"",IFERROR(HYPERLINK(VLOOKUP(C76,'Exercise List'!$C:$E,3,FALSE),"Link"),"")))
K77: =IF(ISBLANK(C77),"",IFERROR((VLOOKUP(C77,'Exercise List'!$C:$E,2,FALSE)),"")) & " " & "" | L77: =IF(ISBLANK(C77),"",IF(ISBLANK(VLOOKUP(C77,'Exercise List'!$C:$E,3,FALSE)),"",IFERROR(HYPERLINK(VLOOKUP(C77,'Exercise List'!$C:$E,3,FALSE),"Link"),"")))
B79: DAY 5
B80: ORDER | C80: EXERCISE | D80: SETS | E80: REPS | F80: TEMPO | J80: INTENSITY | K80: NOTES | L80: VIDEO LINK
K81: =IF(ISBLANK(C81),"",IFERROR((VLOOKUP(C81,'Exercise List'!$C:$E,2,FALSE)),"")) & " " & "" | L81: =IF(ISBLANK(C81),"",IF(ISBLANK(VLOOKUP(C81,'Exercise List'!$C:$E,3,FALSE)),"",IFERROR(HYPERLINK(VLOOKUP(C81,'Exercise List'!$C:$E,3,FALSE),"Link"),"")))
K82: =IF(ISBLANK(C82),"",IFERROR((VLOOKUP(C82,'Exercise List'!$C:$E,2,FALSE)),"")) & " " & "" | L82: =IF(ISBLANK(C82),"",IF(ISBLANK(VLOOKUP(C82,'Exercise List'!$C:$E,3,FALSE)),"",IFERROR(HYPERLINK(VLOOKUP(C82,'Exercise List'!$C:$E,3,FALSE),"Link"),"")))
K83: =IF(ISBLANK(C83),"",IFERROR((VLOOKUP(C83,'Exercise List'!$C:$E,2,FALSE)),"")) & " " & "" | L83: =IF(ISBLANK(C83),"",IF(ISBLANK(VLOOKUP(C83,'Exercise List'!$C:$E,3,FALSE)),"",IFERROR(HYPERLINK(VLOOKUP(C83,'Exercise List'!$C:$E,3,FALSE),"Link"),"")))
K84: =IF(ISBLANK(C84),"",IFERROR((VLOOKUP(C84,'Exercise List'!$C:$E,2,FALSE)),"")) & " " & "" | L84: =IF(ISBLANK(C84),"",IF(ISBLANK(VLOOKUP(C84,'Exercise List'!$C:$E,3,FALSE)),"",IFERROR(HYPERLINK(VLOOKUP(C84,'Exercise List'!$C:$E,3,FALSE),"Link"),"")))
K85: =IF(ISBLANK(C85),"",IFERROR((VLOOKUP(C85,'Exercise List'!$C:$E,2,FALSE)),"")) & " " & "" | L85: =IF(ISBLANK(C85),"",IF(ISBLANK(VLOOKUP(C85,'Exercise List'!$C:$E,3,FALSE)),"",IFERROR(HYPERLINK(VLOOKUP(C85,'Exercise List'!$C:$E,3,FALSE),"Link"),"")))
K86: =IF(ISBLANK(C86),"",IFERROR((VLOOKUP(C86,'Exercise List'!$C:$E,2,FALSE)),"")) & " " & "" | L86: =IF(ISBLANK(C86),"",IF(ISBLANK(VLOOKUP(C86,'Exercise List'!$C:$E,3,FALSE)),"",IFERROR(HYPERLINK(VLOOKUP(C86,'Exercise List'!$C:$E,3,FALSE),"Link"),"")))
K87: =IF(ISBLANK(C87),"",IFERROR((VLOOKUP(C87,'Exercise List'!$C:$E,2,FALSE)),"")) & " " & "" | L87: =IF(ISBLANK(C87),"",IF(ISBLANK(VLOOKUP(C87,'Exercise List'!$C:$E,3,FALSE)),"",IFERROR(HYPERLINK(VLOOKUP(C87,'Exercise List'!$C:$E,3,FALSE),"Link"),"")))
K88: =IF(ISBLANK(C88),"",IFERROR((VLOOKUP(C88,'Exercise List'!$C:$E,2,FALSE)),"")) & " " & "" | L88: =IF(ISBLANK(C88),"",IF(ISBLANK(VLOOKUP(C88,'Exercise List'!$C:$E,3,FALSE)),"",IFERROR(HYPERLINK(VLOOKUP(C88,'Exercise List'!$C:$E,3,FALSE),"Link"),"")))
K89: =IF(ISBLANK(C89),"",IFERROR((VLOOKUP(C89,'Exercise List'!$C:$E,2,FALSE)),"")) & " " & "" | L89: =IF(ISBLANK(C89),"",IF(ISBLANK(VLOOKUP(C89,'Exercise List'!$C:$E,3,FALSE)),"",IFERROR(HYPERLINK(VLOOKUP(C89,'Exercise List'!$C:$E,3,FALSE),"Link"),"")))
K90: =IF(ISBLANK(C90),"",IFERROR((VLOOKUP(C90,'Exercise List'!$C:$E,2,FALSE)),"")) & " " & "" | L90: =IF(ISBLANK(C90),"",IF(ISBLANK(VLOOKUP(C90,'Exercise List'!$C:$E,3,FALSE)),"",IFERROR(HYPERLINK(VLOOKUP(C90,'Exercise List'!$C:$E,3,FALSE),"Link"),"")))
K91: =IF(ISBLANK(C91),"",IFERROR((VLOOKUP(C91,'Exercise List'!$C:$E,2,FALSE)),"")) & " " & "" | L91: =IF(ISBLANK(C91),"",IF(ISBLANK(VLOOKUP(C91,'Exercise List'!$C:$E,3,FALSE)),"",IFERROR(HYPERLINK(VLOOKUP(C91,'Exercise List'!$C:$E,3,FALSE),"Link"),"")))
K92: =IF(ISBLANK(C92),"",IFERROR((VLOOKUP(C92,'Exercise List'!$C:$E,2,FALSE)),"")) & " " & "" | L92: =IF(ISBLANK(C92),"",IF(ISBLANK(VLOOKUP(C92,'Exercise List'!$C:$E,3,FALSE)),"",IFERROR(HYPERLINK(VLOOKUP(C92,'Exercise List'!$C:$E,3,FALSE),"Link"),"")))
... K95: =IF(ISBLANK(C95),"",IFERROR((VLOOKUP(C95,'Exercise List'!$C:$E,2,FALSE)),"")) & " " & "" | L95: =IF(ISBLANK(C95),"",IF(ISBLANK(VLOOKUP(C95,'Exercise List'!$C:$E,3,FALSE)),"",IFERROR(HYPERLINK(VLOOKUP(C95,'Exercise List'!$C:$E,3,FALSE),"Link"),"")))
B96: Template and Design by Lucia Hughes

Sheet Sheet10

Sheet Sheet9

Sheet Meal Plan - 2 Day
B1: MAHON PERFORMANCE
E2: DAY | F2: CALS | G2: PRO | H2: CHO | I2: FAT
E3: TD | F3: =G54 -> 1401.8 | G3: =H54 -> 133.43 | H3: =I54 -> 182.6 | I3: =J54 -> 15.525
E4: NTD | F4: =Q54 -> 1134.5 | G4: =R54 -> 98.45 | H4: =S54 -> 134.7 | I4: =T54 -> 21.5
B6: TRAINING DAY | L6: NON-TRAINING DAY
B7: MEAL NO. | D7: FOOD | E7: PORTION | F7: NO. OF PORTIONS | G7: CALS | H7: PRO | I7: CHO | J7: FAT | L7: MEAL NO. | N7: FOOD | O7: PORTION | P7: NO. OF PORTIONS | Q7: CALS | R7: PRO | S7: CHO | T7: FAT
B8: M1 | D8: Oats | E8: =IF(ISBLANK(D8),"",IFERROR((VLOOKUP(D8,'Food List'!$C:$H,2,FALSE)),"")) -> 100g | F8: 0.5 | G8: =IF(ISBLANK(F8),"",IFERROR((VLOOKUP(D8,'Food List'!$C:$H,3,FALSE))*F8,"")) -> 187 | H8: =IF(ISBLANK(F8),"",IFERROR((VLOOKUP(D8,'Food List'!$C:$H,4,FALSE))*F8,"")) -> 5.45 | I8: =IF(ISBLANK(F8),"",IFERROR((VLOOKUP(D8,'Food List'!$C:$H,5,FALSE))*F8,"")) -> 32 | J8: =IF(ISBLANK(F8),"",IFERROR((VLOOKUP(D8,'Food List'!$C:$H,6,FALSE))*F8,"")) -> 4.05 | L8: M1 | N8: Plain Bagel | O8: =IF(ISBLANK(N8),"",IFERROR((VLOOKUP(N8,'Food List'!$C:$H,2,FALSE)),"")) -> 1 bagel | P8: 1 | Q8: =IF(ISBLANK(P8),"",IFERROR((VLOOKUP(N8,'Food List'!$C:$H,3,FALSE))*P8,"")) -> 224 | R8: =IF(ISBLANK(P8),"",IFERROR((VLOOKUP(N8,'Food List'!$C:$H,4,FALSE))*P8,"")) -> 8.5 | S8: =IF(ISBLANK(P8),"",IFERROR((VLOOKUP(N8,'Food List'!$C:$H,5,FALSE))*P8,"")) -> 43.8 | T8: =IF(ISBLANK(P8),"",IFERROR((VLOOKUP(N8,'Food List'!$C:$H,6,FALSE))*P8,"")) -> 1.2
D9: Blueberries | E9: =IF(ISBLANK(D9),"",IFERROR((VLOOKUP(D9,'Food List'!$C:$H,2,FALSE)),"")) -> 100g | F9: 1 | G9: =IF(ISBLANK(F9),"",IFERROR((VLOOKUP(D9,'Food List'!$C:$H,3,FALSE))*F9,"")) -> 42 | H9: =IF(ISBLANK(F9),"",IFERROR((VLOOKUP(D9,'Food List'!$C:$H,4,FALSE))*F9,"")) -> 0.9 | I9: =IF(ISBLANK(F9),"",IFERROR((VLOOKUP(D9,'Food List'!$C:$H,5,FALSE))*F9,"")) -> 9.1 | J9: =IF(ISBLANK(F9),"",IFERROR((VLOOKUP(D9,'Food List'!$C:$H,6,FALSE))*F9,"")) -> 0.2 | N9: Eggs Whole | O9: =IF(ISBLANK(N9),"",IFERROR((VLOOKUP(N9,'Food List'!$C:$H,2,FALSE)),"")) -> 1 egg | P9: 1 | Q9: =IF(ISBLANK(P9),"",IFERROR((VLOOKUP(N9,'Food List'!$C:$H,3,FALSE))*P9,"")) -> 72 | R9: =IF(ISBLANK(P9),"",IFERROR((VLOOKUP(N9,'Food List'!$C:$H,4,FALSE))*P9,"")) -> 6 | S9: =IF(ISBLANK(P9),"",IFERROR((VLOOKUP(N9,'Food List'!$C:$H,5,FALSE))*P9,"")) -> 0.4 | T9: =IF(ISBLANK(P9),"",IFERROR((VLOOKUP(N9,'Food List'!$C:$H,6,FALSE))*P9,"")) -> 4.8
D10: Honey | E10: =IF(ISBLANK(D10),"",IFERROR((VLOOKUP(D10,'Food List'!$C:$H,2,FALSE)),"")) -> 100g | F10: 0.25 | G10: =IF(ISBLANK(F10),"",IFERROR((VLOOKUP(D10,'Food List'!$C:$H,3,FALSE))*F10,"")) -> 76.75 | H10: =IF(ISBLANK(F10),"",IFERROR((VLOOKUP(D10,'Food List'!$C:$H,4,FALSE))*F10,"")) -> 0.1 | I10: =IF(ISBLANK(F10),"",IFERROR((VLOOKUP(D10,'Food List'!$C:$H,5,FALSE))*F10,"")) -> 19 | J10: =IF(ISBLANK(F10),"",IFERROR((VLOOKUP(D10,'Food List'!$C:$H,6,FALSE))*F10,"")) -> 0 | N10: Turkey Rasher | O10: =IF(ISBLANK(N10),"",IFERROR((VLOOKUP(N10,'Food List'!$C:$H,2,FALSE)),"")) -> 1 rasher | P10: 2 | Q10: =IF(ISBLANK(P10),"",IFERROR((VLOOKUP(N10,'Food List'!$C:$H,3,FALSE))*P10,"")) -> 58 | R10: =IF(ISBLANK(P10),"",IFERROR((VLOOKUP(N10,'Food List'!$C:$H,4,FALSE))*P10,"")) -> 10.2 | S10: =IF(ISBLANK(P10),"",IFERROR((VLOOKUP(N10,'Food List'!$C:$H,5,FALSE))*P10,"")) -> 1 | T10: =IF(ISBLANK(P10),"",IFERROR((VLOOKUP(N10,'Food List'!$C:$H,6,FALSE))*P10,"")) -> 1.4
D11: Whey Protein | E11: =IF(ISBLANK(D11),"",IFERROR((VLOOKUP(D11,'Food List'!$C:$H,2,FALSE)),"")) -> 100g | F11: 0.25 | G11: =IF(ISBLANK(F11),"",IFERROR((VLOOKUP(D11,'Food List'!$C:$H,3,FALSE))*F11,"")) -> 94.75 | H11: =IF(ISBLANK(F11),"",IFERROR((VLOOKUP(D11,'Food List'!$C:$H,4,FALSE))*F11,"")) -> 22.5 | I11: =IF(ISBLANK(F11),"",IFERROR((VLOOKUP(D11,'Food List'!$C:$H,5,FALSE))*F11,"")) -> 0.35 | J11: =IF(ISBLANK(F11),"",IFERROR((VLOOKUP(D11,'Food List'!$C:$H,6,FALSE))*F11,"")) -> 0.375 | O11: =IF(ISBLANK(N11),"",IFERROR((VLOOKUP(N11,'Food List'!$C:$H,2,FALSE)),"")) | Q11: =IF(ISBLANK(P11),"",IFERROR((VLOOKUP(N11,'Food List'!$C:$H,3,FALSE))*P11,"")) | R11: =IF(ISBLANK(P11),"",IFERROR((VLOOKUP(N11,'Food List'!$C:$H,4,FALSE))*P11,"")) | S11: =IF(ISBLANK(P11),"",IFERROR((VLOOKUP(N11,'Food List'!$C:$H,5,FALSE))*P11,"")) | T11: =IF(ISBLANK(P11),"",IFERROR((VLOOKUP(N11,'Food List'!$C:$H,6,FALSE))*P11,""))
E12: =IF(ISBLANK(D12),"",IFERROR((VLOOKUP(D12,'Food List'!$C:$H,2,FALSE)),"")) | G12: =IF(ISBLANK(F12),"",IFERROR((VLOOKUP(D12,'Food List'!$C:$H,3,FALSE))*F12,"")) | H12: =IF(ISBLANK(F12),"",IFERROR((VLOOKUP(D12,'Food List'!$C:$H,4,FALSE))*F12,"")) | I12: =IF(ISBLANK(F12),"",IFERROR((VLOOKUP(D12,'Food List'!$C:$H,5,FALSE))*F12,"")) | J12: =IF(ISBLANK(F12),"",IFERROR((VLOOKUP(D12,'Food List'!$C:$H,6,FALSE))*F12,"")) | O12: =IF(ISBLANK(N12),"",IFERROR((VLOOKUP(N12,'Food List'!$C:$H,2,FALSE)),"")) | Q12: =IF(ISBLANK(P12),"",IFERROR((VLOOKUP(N12,'Food List'!$C:$H,3,FALSE))*P12,"")) | R12: =IF(ISBLANK(P12),"",IFERROR((VLOOKUP(N12,'Food List'!$C:$H,4,FALSE))*P12,"")) | S12: =IF(ISBLANK(P12),"",IFERROR((VLOOKUP(N12,'Food List'!$C:$H,5,FALSE))*P12,"")) | T12: =IF(ISBLANK(P12),"",IFERROR((VLOOKUP(N12,'Food List'!$C:$H,6,FALSE))*P12,""))
E13: =IF(ISBLANK(D13),"",IFERROR((VLOOKUP(D13,'Food List'!$C:$H,2,FALSE)),"")) | G13: =IF(ISBLANK(F13),"",IFERROR((VLOOKUP(D13,'Food List'!$C:$H,3,FALSE))*F13,"")) | H13: =IF(ISBLANK(F13),"",IFERROR((VLOOKUP(D13,'Food List'!$C:$H,4,FALSE))*F13,"")) | I13: =IF(ISBLANK(F13),"",IFERROR((VLOOKUP(D13,'Food List'!$C:$H,5,FALSE))*F13,"")) | J13: =IF(ISBLANK(F13),"",IFERROR((VLOOKUP(D13,'Food List'!$C:$H,6,FALSE))*F13,"")) | O13: =IF(ISBLANK(N13),"",IFERROR((VLOOKUP(N13,'Food List'!$C:$H,2,FALSE)),"")) | Q13: =IF(ISBLANK(P13),"",IFERROR((VLOOKUP(N13,'Food List'!$C:$H,3,FALSE))*P13,"")) | R13: =IF(ISBLANK(P13),"",IFERROR((VLOOKUP(N13,'Food List'!$C:$H,4,FALSE))*P13,"")) | S13: =IF(ISBLANK(P13),"",IFERROR((VLOOKUP(N13,'Food List'!$C:$H,5,FALSE))*P13,"")) | T13: =IF(ISBLANK(P13),"",IFERROR((VLOOKUP(N13,'Food List'!$C:$H,6,FALSE))*P13,""))
D14: MEAL TOTAL | G14: =IFERROR(SUM(G8:G13),0) -> 400.5 | H14: =IFERROR(SUM(H8:H13),0) -> 28.95 | I14: =IFERROR(SUM(I8:I13),0) -> 60.45 | J14: =IFERROR(SUM(J8:J13),0) -> 4.625 | N14: MEAL TOTAL | Q14: =IFERROR(SUM(Q8:Q13),0) -> 354 | R14: =IFERROR(SUM(R8:R13),0) -> 24.7 | S14: =IFERROR(SUM(S8:S13),0) -> 45.2 | T14: =IFERROR(SUM(T8:T13),0) -> 7.4
B16: M2 | D16: Chicken Breast (Raw) | E16: =IF(ISBLANK(D16),"",IFERROR((VLOOKUP(D16,'Food List'!$C:$H,2,FALSE)),"")) -> 100g | F16: 1.5 | G16: =IF(ISBLANK(F16),"",IFERROR((VLOOKUP(D16,'Food List'!$C:$H,3,FALSE))*F16,"")) -> 159 | H16: =IF(ISBLANK(F16),"",IFERROR((VLOOKUP(D16,'Food List'!$C:$H,4,FALSE))*F16,"")) -> 36 | I16: =IF(ISBLANK(F16),"",IFERROR((VLOOKUP(D16,'Food List'!$C:$H,5,FALSE))*F16,"")) -> 0 | J16: =IF(ISBLANK(F16),"",IFERROR((VLOOKUP(D16,'Food List'!$C:$H,6,FALSE))*F16,"")) -> 1.65 | L16: M2 | N16: Chicken Breast (Raw) | O16: =IF(ISBLANK(N16),"",IFERROR((VLOOKUP(N16,'Food List'!$C:$H,2,FALSE)),"")) -> 100g | P16: 1.5 | Q16: =IF(ISBLANK(P16),"",IFERROR((VLOOKUP(N16,'Food List'!$C:$H,3,FALSE))*P16,"")) -> 159 | R16: =IF(ISBLANK(P16),"",IFERROR((VLOOKUP(N16,'Food List'!$C:$H,4,FALSE))*P16,"")) -> 36 | S16: =IF(ISBLANK(P16),"",IFERROR((VLOOKUP(N16,'Food List'!$C:$H,5,FALSE))*P16,"")) -> 0 | T16: =IF(ISBLANK(P16),"",IFERROR((VLOOKUP(N16,'Food List'!$C:$H,6,FALSE))*P16,"")) -> 1.65
D17: Country Mix Vegetables | E17: =IF(ISBLANK(D17),"",IFERROR((VLOOKUP(D17,'Food List'!$C:$H,2,FALSE)),"")) -> 100g | F17: 1 | G17: =IF(ISBLANK(F17),"",IFERROR((VLOOKUP(D17,'Food List'!$C:$H,3,FALSE))*F17,"")) -> 36 | H17: =IF(ISBLANK(F17),"",IFERROR((VLOOKUP(D17,'Food List'!$C:$H,4,FALSE))*F17,"")) -> 2.7 | I17: =IF(ISBLANK(F17),"",IFERROR((VLOOKUP(D17,'Food List'!$C:$H,5,FALSE))*F17,"")) -> 4.9 | J17: =IF(ISBLANK(F17),"",IFERROR((VLOOKUP(D17,'Food List'!$C:$H,6,FALSE))*F17,"")) -> 0.6 | N17: Country Mix Vegetables | O17: =IF(ISBLANK(N17),"",IFERROR((VLOOKUP(N17,'Food List'!$C:$H,2,FALSE)),"")) -> 100g | P17: 2 | Q17: =IF(ISBLANK(P17),"",IFERROR((VLOOKUP(N17,'Food List'!$C:$H,3,FALSE))*P17,"")) -> 72 | R17: =IF(ISBLANK(P17),"",IFERROR((VLOOKUP(N17,'Food List'!$C:$H,4,FALSE))*P17,"")) -> 5.4 | S17: =IF(ISBLANK(P17),"",IFERROR((VLOOKUP(N17,'Food List'!$C:$H,5,FALSE))*P17,"")) -> 9.8 | T17: =IF(ISBLANK(P17),"",IFERROR((VLOOKUP(N17,'Food List'!$C:$H,6,FALSE))*P17,"")) -> 1.2
D18: Apple | E18: =IF(ISBLANK(D18),"",IFERROR((VLOOKUP(D18,'Food List'!$C:$H,2,FALSE)),"")) -> 100g | F18: 1.7 | G18: =IF(ISBLANK(F18),"",IFERROR((VLOOKUP(D18,'Food List'!$C:$H,3,FALSE))*F18,"")) -> 90.1 | H18: =IF(ISBLANK(F18),"",IFERROR((VLOOKUP(D18,'Food List'!$C:$H,4,FALSE))*F18,"")) -> 1.02 | I18: =IF(ISBLANK(F18),"",IFERROR((VLOOKUP(D18,'Food List'!$C:$H,5,FALSE))*F18,"")) -> 19.55 | J18: =IF(ISBLANK(F18),"",IFERROR((VLOOKUP(D18,'Food List'!$C:$H,6,FALSE))*F18,"")) -> 0.85 | N18: White Potato | O18: =IF(ISBLANK(N18),"",IFERROR((VLOOKUP(N18,'Food List'!$C:$H,2,FALSE)),"")) -> 100g | P18: 2 | Q18: =IF(ISBLANK(P18),"",IFERROR((VLOOKUP(N18,'Food List'!$C:$H,3,FALSE))*P18,"")) -> 160 | R18: =IF(ISBLANK(P18),"",IFERROR((VLOOKUP(N18,'Food List'!$C:$H,4,FALSE))*P18,"")) -> 3.8 | S18: =IF(ISBLANK(P18),"",IFERROR((VLOOKUP(N18,'Food List'!$C:$H,5,FALSE))*P18,"")) -> 35.8 | T18: =IF(ISBLANK(P18),"",IFERROR((VLOOKUP(N18,'Food List'!$C:$H,6,FALSE))*P18,"")) -> 0.2
E19: =IF(ISBLANK(D19),"",IFERROR((VLOOKUP(D19,'Food List'!$C:$H,2,FALSE)),"")) | G19: =IF(ISBLANK(F19),"",IFERROR((VLOOKUP(D19,'Food List'!$C:$H,3,FALSE))*F19,"")) | H19: =IF(ISBLANK(F19),"",IFERROR((VLOOKUP(D19,'Food List'!$C:$H,4,FALSE))*F19,"")) | I19: =IF(ISBLANK(F19),"",IFERROR((VLOOKUP(D19,'Food List'!$C:$H,5,FALSE))*F19,"")) | J19: =IF(ISBLANK(F19),"",IFERROR((VLOOKUP(D19,'Food List'!$C:$H,6,FALSE))*F19,"")) | O19: =IF(ISBLANK(N19),"",IFERROR((VLOOKUP(N19,'Food List'!$C:$H,2,FALSE)),"")) | Q19: =IF(ISBLANK(P19),"",IFERROR((VLOOKUP(N19,'Food List'!$C:$H,3,FALSE))*P19,"")) | R19: =IF(ISBLANK(P19),"",IFERROR((VLOOKUP(N19,'Food List'!$C:$H,4,FALSE))*P19,"")) | S19: =IF(ISBLANK(P19),"",IFERROR((VLOOKUP(N19,'Food List'!$C:$H,5,FALSE))*P19,"")) | T19: =IF(ISBLANK(P19),"",IFERROR((VLOOKUP(N19,'Food List'!$C:$H,6,FALSE))*P19,""))
E20: =IF(ISBLANK(D20),"",IFERROR((VLOOKUP(D20,'Food List'!$C:$H,2,FALSE)),"")) | G20: =IF(ISBLANK(F20),"",IFERROR((VLOOKUP(D20,'Food List'!$C:$H,3,FALSE))*F20,"")) | H20: =IF(ISBLANK(F20),"",IFERROR((VLOOKUP(D20,'Food List'!$C:$H,4,FALSE))*F20,"")) | I20: =IF(ISBLANK(F20),"",IFERROR((VLOOKUP(D20,'Food List'!$C:$H,5,FALSE))*F20,"")) | J20: =IF(ISBLANK(F20),"",IFERROR((VLOOKUP(D20,'Food List'!$C:$H,6,FALSE))*F20,"")) | O20: =IF(ISBLANK(N20),"",IFERROR((VLOOKUP(N20,'Food List'!$C:$H,2,FALSE)),"")) | Q20: =IF(ISBLANK(P20),"",IFERROR((VLOOKUP(N20,'Food List'!$C:$H,3,FALSE))*P20,"")) | R20: =IF(ISBLANK(P20),"",IFERROR((VLOOKUP(N20,'Food List'!$C:$H,4,FALSE))*P20,"")) | S20: =IF(ISBLANK(P20),"",IFERROR((VLOOKUP(N20,'Food List'!$C:$H,5,FALSE))*P20,"")) | T20: =IF(ISBLANK(P20),"",IFERROR((VLOOKUP(N20,'Food List'!$C:$H,6,FALSE))*P20,""))
E21: =IF(ISBLANK(D21),"",IFERROR((VLOOKUP(D21,'Food List'!$C:$H,2,FALSE)),"")) | G21: =IF(ISBLANK(F21),"",IFERROR((VLOOKUP(D21,'Food List'!$C:$H,3,FALSE))*F21,"")) | H21: =IF(ISBLANK(F21),"",IFERROR((VLOOKUP(D21,'Food List'!$C:$H,4,FALSE))*F21,"")) | I21: =IF(ISBLANK(F21),"",IFERROR((VLOOKUP(D21,'Food List'!$C:$H,5,FALSE))*F21,"")) | J21: =IF(ISBLANK(F21),"",IFERROR((VLOOKUP(D21,'Food List'!$C:$H,6,FALSE))*F21,"")) | O21: =IF(ISBLANK(N21),"",IFERROR((VLOOKUP(N21,'Food List'!$C:$H,2,FALSE)),"")) | Q21: =IF(ISBLANK(P21),"",IFERROR((VLOOKUP(N21,'Food List'!$C:$H,3,FALSE))*P21,"")) | R21: =IF(ISBLANK(P21),"",IFERROR((VLOOKUP(N21,'Food List'!$C:$H,4,FALSE))*P21,"")) | S21: =IF(ISBLANK(P21),"",IFERROR((VLOOKUP(N21,'Food List'!$C:$H,5,FALSE))*P21,"")) | T21: =IF(ISBLANK(P21),"",IFERROR((VLOOKUP(N21,'Food List'!$C:$H,6,FALSE))*P21,""))
D22: MEAL TOTAL | G22: =IFERROR(SUM(G16:G21),0) -> 285.1 | H22: =IFERROR(SUM(H16:H21),0) -> 39.72 | I22: =IFERROR(SUM(I16:I21),0) -> 24.45 | J22: =IFERROR(SUM(J16:J21),0) -> 3.1 | N22: MEAL TOTAL | Q22: =IFERROR(SUM(Q16:Q21),0) -> 391 | R22: =IFERROR(SUM(R16:R21),0) -> 45.2 | S22: =IFERROR(SUM(S16:S21),0) -> 45.6 | T22: =IFERROR(SUM(T16:T21),0) -> 3.05
B24: M3 | D24: Chicken Breast (Raw) | E24: =IF(ISBLANK(D24),"",IFERROR((VLOOKUP(D24,'Food List'!$C:$H,2,FALSE)),"")) -> 100g | F24: 1.5 | G24: =IF(ISBLANK(F24),"",IFERROR((VLOOKUP(D24,'Food List'!$C:$H,3,FALSE))*F24,"")) -> 159 | H24: =IF(ISBLANK(F24),"",IFERROR((VLOOKUP(D24,'Food List'!$C:$H,4,FALSE))*F24,"")) -> 36 | I24: =IF(ISBLANK(F24),"",IFERROR((VLOOKUP(D24,'Food List'!$C:$H,5,FALSE))*F24,"")) -> 0 | J24: =IF(ISBLANK(F24),"",IFERROR((VLOOKUP(D24,'Food List'!$C:$H,6,FALSE))*F24,"")) -> 1.65 | L24: M3 | N24: Salmon (Raw) | O24: =IF(ISBLANK(N24),"",IFERROR((VLOOKUP(N24,'Food List'!$C:$H,2,FALSE)),"")) -> 100g | P24: 1 | Q24: =IF(ISBLANK(P24),"",IFERROR((VLOOKUP(N24,'Food List'!$C:$H,3,FALSE))*P24,"")) -> 179 | R24: =IF(ISBLANK(P24),"",IFERROR((VLOOKUP(N24,'Food List'!$C:$H,4,FALSE))*P24,"")) -> 22.1 | S24: =IF(ISBLANK(P24),"",IFERROR((VLOOKUP(N24,'Food List'!$C:$H,5,FALSE))*P24,"")) -> 0 | T24: =IF(ISBLANK(P24),"",IFERROR((VLOOKUP(N24,'Food List'!$C:$H,6,FALSE))*P24,"")) -> 10.1
D25: Jasmine Rice | E25: =IF(ISBLANK(D25),"",IFERROR((VLOOKUP(D25,'Food List'!$C:$H,2,FALSE)),"")) -> 100g | F25: 0.6 | G25: =IF(ISBLANK(F25),"",IFERROR((VLOOKUP(D25,'Food List'!$C:$H,3,FALSE))*F25,"")) -> 209.4 | H25: =IF(ISBLANK(F25),"",IFERROR((VLOOKUP(D25,'Food List'!$C:$H,4,FALSE))*F25,"")) -> 4.5 | I25: =IF(ISBLANK(F25),"",IFERROR((VLOOKUP(D25,'Food List'!$C:$H,5,FALSE))*F25,"")) -> 46.8 | J25: =IF(ISBLANK(F25),"",IFERROR((VLOOKUP(D25,'Food List'!$C:$H,6,FALSE))*F25,"")) -> 0.42 | N25: Jasmine Rice | O25: =IF(ISBLANK(N25),"",IFERROR((VLOOKUP(N25,'Food List'!$C:$H,2,FALSE)),"")) -> 100g | P25: 0.5 | Q25: =IF(ISBLANK(P25),"",IFERROR((VLOOKUP(N25,'Food List'!$C:$H,3,FALSE))*P25,"")) -> 174.5 | R25: =IF(ISBLANK(P25),"",IFERROR((VLOOKUP(N25,'Food List'!$C:$H,4,FALSE))*P25,"")) -> 3.75 | S25: =IF(ISBLANK(P25),"",IFERROR((VLOOKUP(N25,'Food List'!$C:$H,5,FALSE))*P25,"")) -> 39 | T25: =IF(ISBLANK(P25),"",IFERROR((VLOOKUP(N25,'Food List'!$C:$H,6,FALSE))*P25,"")) -> 0.35
D26: Country Mix Vegetables | E26: =IF(ISBLANK(D26),"",IFERROR((VLOOKUP(D26,'Food List'!$C:$H,2,FALSE)),"")) -> 100g | F26: 1 | G26: =IF(ISBLANK(F26),"",IFERROR((VLOOKUP(D26,'Food List'!$C:$H,3,FALSE))*F26,"")) -> 36 | H26: =IF(ISBLANK(F26),"",IFERROR((VLOOKUP(D26,'Food List'!$C:$H,4,FALSE))*F26,"")) -> 2.7 | I26: =IF(ISBLANK(F26),"",IFERROR((VLOOKUP(D26,'Food List'!$C:$H,5,FALSE))*F26,"")) -> 4.9 | J26: =IF(ISBLANK(F26),"",IFERROR((VLOOKUP(D26,'Food List'!$C:$H,6,FALSE))*F26,"")) -> 0.6 | N26: Country Mix Vegetables | O26: =IF(ISBLANK(N26),"",IFERROR((VLOOKUP(N26,'Food List'!$C:$H,2,FALSE)),"")) -> 100g | P26: 1 | Q26: =IF(ISBLANK(P26),"",IFERROR((VLOOKUP(N26,'Food List'!$C:$H,3,FALSE))*P26,"")) -> 36 | R26: =IF(ISBLANK(P26),"",IFERROR((VLOOKUP(N26,'Food List'!$C:$H,4,FALSE))*P26,"")) -> 2.7 | S26: =IF(ISBLANK(P26),"",IFERROR((VLOOKUP(N26,'Food List'!$C:$H,5,FALSE))*P26,"")) -> 4.9 | T26: =IF(ISBLANK(P26),"",IFERROR((VLOOKUP(N26,'Food List'!$C:$H,6,FALSE))*P26,"")) -> 0.6
E27: =IF(ISBLANK(D27),"",IFERROR((VLOOKUP(D27,'Food List'!$C:$H,2,FALSE)),"")) | G27: =IF(ISBLANK(F27),"",IFERROR((VLOOKUP(D27,'Food List'!$C:$H,3,FALSE))*F27,"")) | H27: =IF(ISBLANK(F27),"",IFERROR((VLOOKUP(D27,'Food List'!$C:$H,4,FALSE))*F27,"")) | I27: =IF(ISBLANK(F27),"",IFERROR((VLOOKUP(D27,'Food List'!$C:$H,5,FALSE))*F27,"")) | J27: =IF(ISBLANK(F27),"",IFERROR((VLOOKUP(D27,'Food List'!$C:$H,6,FALSE))*F27,"")) | O27: =IF(ISBLANK(N27),"",IFERROR((VLOOKUP(N27,'Food List'!$C:$H,2,FALSE)),"")) | Q27: =IF(ISBLANK(P27),"",IFERROR((VLOOKUP(N27,'Food List'!$C:$H,3,FALSE))*P27,"")) | R27: =IF(ISBLANK(P27),"",IFERROR((VLOOKUP(N27,'Food List'!$C:$H,4,FALSE))*P27,"")) | S27: =IF(ISBLANK(P27),"",IFERROR((VLOOKUP(N27,'Food List'!$C:$H,5,FALSE))*P27,"")) | T27: =IF(ISBLANK(P27),"",IFERROR((VLOOKUP(N27,'Food List'!$C:$H,6,FALSE))*P27,""))
E28: =IF(ISBLANK(D28),"",IFERROR((VLOOKUP(D28,'Food List'!$C:$H,2,FALSE)),"")) | G28: =IF(ISBLANK(F28),"",IFERROR((VLOOKUP(D28,'Food List'!$C:$H,3,FALSE))*F28,"")) | H28: =IF(ISBLANK(F28),"",IFERROR((VLOOKUP(D28,'Food List'!$C:$H,4,FALSE))*F28,"")) | I28: =IF(ISBLANK(F28),"",IFERROR((VLOOKUP(D28,'Food List'!$C:$H,5,FALSE))*F28,"")) | J28: =IF(ISBLANK(F28),"",IFERROR((VLOOKUP(D28,'Food List'!$C:$H,6,FALSE))*F28,"")) | O28: =IF(ISBLANK(N28),"",IFERROR((VLOOKUP(N28,'Food List'!$C:$H,2,FALSE)),"")) | Q28: =IF(ISBLANK(P28),"",IFERROR((VLOOKUP(N28,'Food List'!$C:$H,3,FALSE))*P28,"")) | R28: =IF(ISBLANK(P28),"",IFERROR((VLOOKUP(N28,'Food List'!$C:$H,4,FALSE))*P28,"")) | S28: =IF(ISBLANK(P28),"",IFERROR((VLOOKUP(N28,'Food List'!$C:$H,5,FALSE))*P28,"")) | T28: =IF(ISBLANK(P28),"",IFERROR((VLOOKUP(N28,'Food List'!$C:$H,6,FALSE))*P28,""))
E29: =IF(ISBLANK(D29),"",IFERROR((VLOOKUP(D29,'Food List'!$C:$H,2,FALSE)),"")) | G29: =IF(ISBLANK(F29),"",IFERROR((VLOOKUP(D29,'Food List'!$C:$H,3,FALSE))*F29,"")) | H29: =IF(ISBLANK(F29),"",IFERROR((VLOOKUP(D29,'Food List'!$C:$H,4,FALSE))*F29,"")) | I29: =IF(ISBLANK(F29),"",IFERROR((VLOOKUP(D29,'Food List'!$C:$H,5,FALSE))*F29,"")) | J29: =IF(ISBLANK(F29),"",IFERROR((VLOOKUP(D29,'Food List'!$C:$H,6,FALSE))*F29,"")) | O29: =IF(ISBLANK(N29),"",IFERROR((VLOOKUP(N29,'Food List'!$C:$H,2,FALSE)),"")) | Q29: =IF(ISBLANK(P29),"",IFERROR((VLOOKUP(N29,'Food List'!$C:$H,3,FALSE))*P29,"")) | R29: =IF(ISBLANK(P29),"",IFERROR((VLOOKUP(N29,'Food List'!$C:$H,4,FALSE))*P29,"")) | S29: =IF(ISBLANK(P29),"",IFERROR((VLOOKUP(N29,'Food List'!$C:$H,5,FALSE))*P29,"")) | T29: =IF(ISBLANK(P29),"",IFERROR((VLOOKUP(N29,'Food List'!$C:$H,6,FALSE))*P29,""))
D30: MEAL TOTAL | G30: =IFERROR(SUM(G24:G29),0) -> 404.4 | H30: =IFERROR(SUM(H24:H29),0) -> 43.2 | I30: =IFERROR(SUM(I24:I29),0) -> 51.7 | J30: =IFERROR(SUM(J24:J29),0) -> 2.67 | N30: MEAL TOTAL | Q30: =IFERROR(SUM(Q24:Q29),0) -> 389.5 | R30: =IFERROR(SUM(R24:R29),0) -> 28.55 | S30: =IFERROR(SUM(S24:S29),0) -> 43.9 | T30: =IFERROR(SUM(T24:T29),0) -> 11.05
B32: M4 | D32: Protein Bar | E32: =IF(ISBLANK(D32),"",IFERROR((VLOOKUP(D32,'Food List'!$C:$H,2,FALSE)),"")) -> 1 Bar | F32: 1 | G32: =IF(ISBLANK(F32),"",IFERROR((VLOOKUP(D32,'Food List'!$C:$H,3,FALSE))*F32,"")) -> 200 | H32: =IF(ISBLANK(F32),"",IFERROR((VLOOKUP(D32,'Food List'!$C:$H,4,FALSE))*F32,"")) -> 20 | I32: =IF(ISBLANK(F32),"",IFERROR((VLOOKUP(D32,'Food List'!$C:$H,5,FALSE))*F32,"")) -> 20 | J32: =IF(ISBLANK(F32),"",IFERROR((VLOOKUP(D32,'Food List'!$C:$H,6,FALSE))*F32,"")) -> 5 | L32: M4 | O32: =IF(ISBLANK(N32),"",IFERROR((VLOOKUP(N32,'Food List'!$C:$H,2,FALSE)),"")) | Q32: =IF(ISBLANK(P32),"",IFERROR((VLOOKUP(N32,'Food List'!$C:$H,3,FALSE))*P32,"")) | R32: =IF(ISBLANK(P32),"",IFERROR((VLOOKUP(N32,'Food List'!$C:$H,4,FALSE))*P32,"")) | S32: =IF(ISBLANK(P32),"",IFERROR((VLOOKUP(N32,'Food List'!$C:$H,5,FALSE))*P32,"")) | T32: =IF(ISBLANK(P32),"",IFERROR((VLOOKUP(N32,'Food List'!$C:$H,6,FALSE))*P32,""))
D33: Banana | E33: =IF(ISBLANK(D33),"",IFERROR((VLOOKUP(D33,'Food List'!$C:$H,2,FALSE)),"")) -> 100g | F33: 1.3 | G33: =IF(ISBLANK(F33),"",IFERROR((VLOOKUP(D33,'Food List'!$C:$H,3,FALSE))*F33,"")) -> 111.8 | H33: =IF(ISBLANK(F33),"",IFERROR((VLOOKUP(D33,'Food List'!$C:$H,4,FALSE))*F33,"")) -> 1.56 | I33: =IF(ISBLANK(F33),"",IFERROR((VLOOKUP(D33,'Food List'!$C:$H,5,FALSE))*F33,"")) -> 26 | J33: =IF(ISBLANK(F33),"",IFERROR((VLOOKUP(D33,'Food List'!$C:$H,6,FALSE))*F33,"")) -> 0.13 | O33: =IF(ISBLANK(N33),"",IFERROR((VLOOKUP(N33,'Food List'!$C:$H,2,FALSE)),"")) | Q33: =IF(ISBLANK(P33),"",IFERROR((VLOOKUP(N33,'Food List'!$C:$H,3,FALSE))*P33,"")) | R33: =IF(ISBLANK(P33),"",IFERROR((VLOOKUP(N33,'Food List'!$C:$H,4,FALSE))*P33,"")) | S33: =IF(ISBLANK(P33),"",IFERROR((VLOOKUP(N33,'Food List'!$C:$H,5,FALSE))*P33,"")) | T33: =IF(ISBLANK(P33),"",IFERROR((VLOOKUP(N33,'Food List'!$C:$H,6,FALSE))*P33,""))
E34: =IF(ISBLANK(D34),"",IFERROR((VLOOKUP(D34,'Food List'!$C:$H,2,FALSE)),"")) | G34: =IF(ISBLANK(F34),"",IFERROR((VLOOKUP(D34,'Food List'!$C:$H,3,FALSE))*F34,"")) | H34: =IF(ISBLANK(F34),"",IFERROR((VLOOKUP(D34,'Food List'!$C:$H,4,FALSE))*F34,"")) | I34: =IF(ISBLANK(F34),"",IFERROR((VLOOKUP(D34,'Food List'!$C:$H,5,FALSE))*F34,"")) | J34: =IF(ISBLANK(F34),"",IFERROR((VLOOKUP(D34,'Food List'!$C:$H,6,FALSE))*F34,"")) | O34: =IF(ISBLANK(N34),"",IFERROR((VLOOKUP(N34,'Food List'!$C:$H,2,FALSE)),"")) | Q34: =IF(ISBLANK(P34),"",IFERROR((VLOOKUP(N34,'Food List'!$C:$H,3,FALSE))*P34,"")) | R34: =IF(ISBLANK(P34),"",IFERROR((VLOOKUP(N34,'Food List'!$C:$H,4,FALSE))*P34,"")) | S34: =IF(ISBLANK(P34),"",IFERROR((VLOOKUP(N34,'Food List'!$C:$H,5,FALSE))*P34,"")) | T34: =IF(ISBLANK(P34),"",IFERROR((VLOOKUP(N34,'Food List'!$C:$H,6,FALSE))*P34,""))
E35: =IF(ISBLANK(D35),"",IFERROR((VLOOKUP(D35,'Food List'!$C:$H,2,FALSE)),"")) | G35: =IF(ISBLANK(F35),"",IFERROR((VLOOKUP(D35,'Food List'!$C:$H,3,FALSE))*F35,"")) | H35: =IF(ISBLANK(F35),"",IFERROR((VLOOKUP(D35,'Food List'!$C:$H,4,FALSE))*F35,"")) | I35: =IF(ISBLANK(F35),"",IFERROR((VLOOKUP(D35,'Food List'!$C:$H,5,FALSE))*F35,"")) | J35: =IF(ISBLANK(F35),"",IFERROR((VLOOKUP(D35,'Food List'!$C:$H,6,FALSE))*F35,"")) | O35: =IF(ISBLANK(N35),"",IFERROR((VLOOKUP(N35,'Food List'!$C:$H,2,FALSE)),"")) | Q35: =IF(ISBLANK(P35),"",IFERROR((VLOOKUP(N35,'Food List'!$C:$H,3,FALSE))*P35,"")) | R35: =IF(ISBLANK(P35),"",IFERROR((VLOOKUP(N35,'Food List'!$C:$H,4,FALSE))*P35,"")) | S35: =IF(ISBLANK(P35),"",IFERROR((VLOOKUP(N35,'Food List'!$C:$H,5,FALSE))*P35,"")) | T35: =IF(ISBLANK(P35),"",IFERROR((VLOOKUP(N35,'Food List'!$C:$H,6,FALSE))*P35,""))
E36: =IF(ISBLANK(D36),"",IFERROR((VLOOKUP(D36,'Food List'!$C:$H,2,FALSE)),"")) | G36: =IF(ISBLANK(F36),"",IFERROR((VLOOKUP(D36,'Food List'!$C:$H,3,FALSE))*F36,"")) | H36: =IF(ISBLANK(F36),"",IFERROR((VLOOKUP(D36,'Food List'!$C:$H,4,FALSE))*F36,"")) | I36: =IF(ISBLANK(F36),"",IFERROR((VLOOKUP(D36,'Food List'!$C:$H,5,FALSE))*F36,"")) | J36: =IF(ISBLANK(F36),"",IFERROR((VLOOKUP(D36,'Food List'!$C:$H,6,FALSE))*F36,"")) | O36: =IF(ISBLANK(N36),"",IFERROR((VLOOKUP(N36,'Food List'!$C:$H,2,FALSE)),"")) | Q36: =IF(ISBLANK(P36),"",IFERROR((VLOOKUP(N36,'Food List'!$C:$H,3,FALSE))*P36,"")) | R36: =IF(ISBLANK(P36),"",IFERROR((VLOOKUP(N36,'Food List'!$C:$H,4,FALSE))*P36,"")) | S36: =IF(ISBLANK(P36),"",IFERROR((VLOOKUP(N36,'Food List'!$C:$H,5,FALSE))*P36,"")) | T36: =IF(ISBLANK(P36),"",IFERROR((VLOOKUP(N36,'Food List'!$C:$H,6,FALSE))*P36,""))
E37: =IF(ISBLANK(D37),"",IFERROR((VLOOKUP(D37,'Food List'!$C:$H,2,FALSE)),"")) | G37: =IF(ISBLANK(F37),"",IFERROR((VLOOKUP(D37,'Food List'!$C:$H,3,FALSE))*F37,"")) | H37: =IF(ISBLANK(F37),"",IFERROR((VLOOKUP(D37,'Food List'!$C:$H,4,FALSE))*F37,"")) | I37: =IF(ISBLANK(F37),"",IFERROR((VLOOKUP(D37,'Food List'!$C:$H,5,FALSE))*F37,"")) | J37: =IF(ISBLANK(F37),"",IFERROR((VLOOKUP(D37,'Food List'!$C:$H,6,FALSE))*F37,"")) | O37: =IF(ISBLANK(N37),"",IFERROR((VLOOKUP(N37,'Food List'!$C:$H,2,FALSE)),"")) | Q37: =IF(ISBLANK(P37),"",IFERROR((VLOOKUP(N37,'Food List'!$C:$H,3,FALSE))*P37,"")) | R37: =IF(ISBLANK(P37),"",IFERROR((VLOOKUP(N37,'Food List'!$C:$H,4,FALSE))*P37,"")) | S37: =IF(ISBLANK(P37),"",IFERROR((VLOOKUP(N37,'Food List'!$C:$H,5,FALSE))*P37,"")) | T37: =IF(ISBLANK(P37),"",IFERROR((VLOOKUP(N37,'Food List'!$C:$H,6,FALSE))*P37,""))
D38: MEAL TOTAL | G38: =IFERROR(SUM(G32:G37),0) -> 311.8 | H38: =IFERROR(SUM(H32:H37),0) -> 21.56 | I38: =IFERROR(SUM(I32:I37),0) -> 46 | J38: =IFERROR(SUM(J32:J37),0) -> 5.13 | N38: MEAL TOTAL | Q38: =IFERROR(SUM(Q32:Q37),0) -> 0 | R38: =IFERROR(SUM(R32:R37),0) -> 0 | S38: =IFERROR(SUM(S32:S37),0) -> 0 | T38: =IFERROR(SUM(T32:T37),0) -> 0
B40: M5 | E40: =IF(ISBLANK(D40),"",IFERROR((VLOOKUP(D40,'Food List'!$C:$H,2,FALSE)),"")) | G40: =IF(ISBLANK(F40),"",IFERROR((VLOOKUP(D40,'Food List'!$C:$H,3,FALSE))*F40,"")) | H40: =IF(ISBLANK(F40),"",IFERROR((VLOOKUP(D40,'Food List'!$C:$H,4,FALSE))*F40,"")) | I40: =IF(ISBLANK(F40),"",IFERROR((VLOOKUP(D40,'Food List'!$C:$H,5,FALSE))*F40,"")) | J40: =IF(ISBLANK(F40),"",IFERROR((VLOOKUP(D40,'Food List'!$C:$H,6,FALSE))*F40,"")) | L40: M5 | O40: =IF(ISBLANK(N40),"",IFERROR((VLOOKUP(N40,'Food List'!$C:$H,2,FALSE)),"")) | Q40: =IF(ISBLANK(P40),"",IFERROR((VLOOKUP(N40,'Food List'!$C:$H,3,FALSE))*P40,"")) | R40: =IF(ISBLANK(P40),"",IFERROR((VLOOKUP(N40,'Food List'!$C:$H,4,FALSE))*P40,"")) | S40: =IF(ISBLANK(P40),"",IFERROR((VLOOKUP(N40,'Food List'!$C:$H,5,FALSE))*P40,"")) | T40: =IF(ISBLANK(P40),"",IFERROR((VLOOKUP(N40,'Food List'!$C:$H,6,FALSE))*P40,""))
E41: =IF(ISBLANK(D41),"",IFERROR((VLOOKUP(D41,'Food List'!$C:$H,2,FALSE)),"")) | G41: =IF(ISBLANK(F41),"",IFERROR((VLOOKUP(D41,'Food List'!$C:$H,3,FALSE))*F41,"")) | H41: =IF(ISBLANK(F41),"",IFERROR((VLOOKUP(D41,'Food List'!$C:$H,4,FALSE))*F41,"")) | I41: =IF(ISBLANK(F41),"",IFERROR((VLOOKUP(D41,'Food List'!$C:$H,5,FALSE))*F41,"")) | J41: =IF(ISBLANK(F41),"",IFERROR((VLOOKUP(D41,'Food List'!$C:$H,6,FALSE))*F41,"")) | O41: =IF(ISBLANK(N41),"",IFERROR((VLOOKUP(N41,'Food List'!$C:$H,2,FALSE)),"")) | Q41: =IF(ISBLANK(P41),"",IFERROR((VLOOKUP(N41,'Food List'!$C:$H,3,FALSE))*P41,"")) | R41: =IF(ISBLANK(P41),"",IFERROR((VLOOKUP(N41,'Food List'!$C:$H,4,FALSE))*P41,"")) | S41: =IF(ISBLANK(P41),"",IFERROR((VLOOKUP(N41,'Food List'!$C:$H,5,FALSE))*P41,"")) | T41: =IF(ISBLANK(P41),"",IFERROR((VLOOKUP(N41,'Food List'!$C:$H,6,FALSE))*P41,""))
E42: =IF(ISBLANK(D42),"",IFERROR((VLOOKUP(D42,'Food List'!$C:$H,2,FALSE)),"")) | G42: =IF(ISBLANK(F42),"",IFERROR((VLOOKUP(D42,'Food List'!$C:$H,3,FALSE))*F42,"")) | H42: =IF(ISBLANK(F42),"",IFERROR((VLOOKUP(D42,'Food List'!$C:$H,4,FALSE))*F42,"")) | I42: =IF(ISBLANK(F42),"",IFERROR((VLOOKUP(D42,'Food List'!$C:$H,5,FALSE))*F42,"")) | J42: =IF(ISBLANK(F42),"",IFERROR((VLOOKUP(D42,'Food List'!$C:$H,6,FALSE))*F42,"")) | O42: =IF(ISBLANK(N42),"",IFERROR((VLOOKUP(N42,'Food List'!$C:$H,2,FALSE)),"")) | Q42: =IF(ISBLANK(P42),"",IFERROR((VLOOKUP(N42,'Food List'!$C:$H,3,FALSE))*P42,"")) | R42: =IF(ISBLANK(P42),"",IFERROR((VLOOKUP(N42,'Food List'!$C:$H,4,FALSE))*P42,"")) | S42: =IF(ISBLANK(P42),"",IFERROR((VLOOKUP(N42,'Food List'!$C:$H,5,FALSE))*P42,"")) | T42: =IF(ISBLANK(P42),"",IFERROR((VLOOKUP(N42,'Food List'!$C:$H,6,FALSE))*P42,""))
E43: =IF(ISBLANK(D43),"",IFERROR((VLOOKUP(D43,'Food List'!$C:$H,2,FALSE)),"")) | G43: =IF(ISBLANK(F43),"",IFERROR((VLOOKUP(D43,'Food List'!$C:$H,3,FALSE))*F43,"")) | H43: =IF(ISBLANK(F43),"",IFERROR((VLOOKUP(D43,'Food List'!$C:$H,4,FALSE))*F43,"")) | I43: =IF(ISBLANK(F43),"",IFERROR((VLOOKUP(D43,'Food List'!$C:$H,5,FALSE))*F43,"")) | J43: =IF(ISBLANK(F43),"",IFERROR((VLOOKUP(D43,'Food List'!$C:$H,6,FALSE))*F43,"")) | O43: =IF(ISBLANK(N43),"",IFERROR((VLOOKUP(N43,'Food List'!$C:$H,2,FALSE)),"")) | Q43: =IF(ISBLANK(P43),"",IFERROR((VLOOKUP(N43,'Food List'!$C:$H,3,FALSE))*P43,"")) | R43: =IF(ISBLANK(P43),"",IFERROR((VLOOKUP(N43,'Food List'!$C:$H,4,FALSE))*P43,"")) | S43: =IF(ISBLANK(P43),"",IFERROR((VLOOKUP(N43,'Food List'!$C:$H,5,FALSE))*P43,"")) | T43: =IF(ISBLANK(P43),"",IFERROR((VLOOKUP(N43,'Food List'!$C:$H,6,FALSE))*P43,""))
E44: =IF(ISBLANK(D44),"",IFERROR((VLOOKUP(D44,'Food List'!$C:$H,2,FALSE)),"")) | G44: =IF(ISBLANK(F44),"",IFERROR((VLOOKUP(D44,'Food List'!$C:$H,3,FALSE))*F44,"")) | H44: =IF(ISBLANK(F44),"",IFERROR((VLOOKUP(D44,'Food List'!$C:$H,4,FALSE))*F44,"")) | I44: =IF(ISBLANK(F44),"",IFERROR((VLOOKUP(D44,'Food List'!$C:$H,5,FALSE))*F44,"")) | J44: =IF(ISBLANK(F44),"",IFERROR((VLOOKUP(D44,'Food List'!$C:$H,6,FALSE))*F44,"")) | O44: =IF(ISBLANK(N44),"",IFERROR((VLOOKUP(N44,'Food List'!$C:$H,2,FALSE)),"")) | Q44: =IF(ISBLANK(P44),"",IFERROR((VLOOKUP(N44,'Food List'!$C:$H,3,FALSE))*P44,"")) | R44: =IF(ISBLANK(P44),"",IFERROR((VLOOKUP(N44,'Food List'!$C:$H,4,FALSE))*P44,"")) | S44: =IF(ISBLANK(P44),"",IFERROR((VLOOKUP(N44,'Food List'!$C:$H,5,FALSE))*P44,"")) | T44: =IF(ISBLANK(P44),"",IFERROR((VLOOKUP(N44,'Food List'!$C:$H,6,FALSE))*P44,""))
E45: =IF(ISBLANK(D45),"",IFERROR((VLOOKUP(D45,'Food List'!$C:$H,2,FALSE)),"")) | G45: =IF(ISBLANK(F45),"",IFERROR((VLOOKUP(D45,'Food List'!$C:$H,3,FALSE))*F45,"")) | H45: =IF(ISBLANK(F45),"",IFERROR((VLOOKUP(D45,'Food List'!$C:$H,4,FALSE))*F45,"")) | I45: =IF(ISBLANK(F45),"",IFERROR((VLOOKUP(D45,'Food List'!$C:$H,5,FALSE))*F45,"")) | J45: =IF(ISBLANK(F45),"",IFERROR((VLOOKUP(D45,'Food List'!$C:$H,6,FALSE))*F45,"")) | O45: =IF(ISBLANK(N45),"",IFERROR((VLOOKUP(N45,'Food List'!$C:$H,2,FALSE)),"")) | Q45: =IF(ISBLANK(P45),"",IFERROR((VLOOKUP(N45,'Food List'!$C:$H,3,FALSE))*P45,"")) | R45: =IF(ISBLANK(P45),"",IFERROR((VLOOKUP(N45,'Food List'!$C:$H,4,FALSE))*P45,"")) | S45: =IF(ISBLANK(P45),"",IFERROR((VLOOKUP(N45,'Food List'!$C:$H,5,FALSE))*P45,"")) | T45: =IF(ISBLANK(P45),"",IFERROR((VLOOKUP(N45,'Food List'!$C:$H,6,FALSE))*P45,""))
D46: MEAL TOTAL | G46: =IFERROR(SUM(G40:G45),0) -> 0 | H46: =IFERROR(SUM(H40:H45),0) -> 0 | I46: =IFERROR(SUM(I40:I45),0) -> 0 | J46: =IFERROR(SUM(J40:J45),0) -> 0 | N46: MEAL TOTAL | Q46: =IFERROR(SUM(Q40:Q45),0) -> 0 | R46: =IFERROR(SUM(R40:R45),0) -> 0 | S46: =IFERROR(SUM(S40:S45),0) -> 0 | T46: =IFERROR(SUM(T40:T45),0) -> 0
B48: INTRA | E48: =IF(ISBLANK(D48),"",IFERROR((VLOOKUP(D48,'Food List'!$C:$H,2,FALSE)),"")) | G48: =IF(ISBLANK(F48),"",IFERROR((VLOOKUP(D48,'Food List'!$C:$H,3,FALSE))*F48,"")) | H48: =IF(ISBLANK(F48),"",IFERROR((VLOOKUP(D48,'Food List'!$C:$H,4,FALSE))*F48,"")) | I48: =IF(ISBLANK(F48),"",IFERROR((VLOOKUP(D48,'Food List'!$C:$H,5,FALSE))*F48,"")) | J48: =IF(ISBLANK(F48),"",IFERROR((VLOOKUP(D48,'Food List'!$C:$H,6,FALSE))*F48,"")) | L48: OTHER | O48: =IF(ISBLANK(N48),"",IFERROR((VLOOKUP(N48,'Food List'!$C:$H,2,FALSE)),"")) | Q48: =IF(ISBLANK(P48),"",IFERROR((VLOOKUP(N48,'Food List'!$C:$H,3,FALSE))*P48,"")) | R48: =IF(ISBLANK(P48),"",IFERROR((VLOOKUP(N48,'Food List'!$C:$H,4,FALSE))*P48,"")) | S48: =IF(ISBLANK(P48),"",IFERROR((VLOOKUP(N48,'Food List'!$C:$H,5,FALSE))*P48,"")) | T48: =IF(ISBLANK(P48),"",IFERROR((VLOOKUP(N48,'Food List'!$C:$H,6,FALSE))*P48,""))
E49: =IF(ISBLANK(D49),"",IFERROR((VLOOKUP(D49,'Food List'!$C:$H,2,FALSE)),"")) | G49: =IF(ISBLANK(F49),"",IFERROR((VLOOKUP(D49,'Food List'!$C:$H,3,FALSE))*F49,"")) | H49: =IF(ISBLANK(F49),"",IFERROR((VLOOKUP(D49,'Food List'!$C:$H,4,FALSE))*F49,"")) | I49: =IF(ISBLANK(F49),"",IFERROR((VLOOKUP(D49,'Food List'!$C:$H,5,FALSE))*F49,"")) | J49: =IF(ISBLANK(F49),"",IFERROR((VLOOKUP(D49,'Food List'!$C:$H,6,FALSE))*F49,"")) | O49: =IF(ISBLANK(N49),"",IFERROR((VLOOKUP(N49,'Food List'!$C:$H,2,FALSE)),"")) | Q49: =IF(ISBLANK(P49),"",IFERROR((VLOOKUP(N49,'Food List'!$C:$H,3,FALSE))*P49,"")) | R49: =IF(ISBLANK(P49),"",IFERROR((VLOOKUP(N49,'Food List'!$C:$H,4,FALSE))*P49,"")) | S49: =IF(ISBLANK(P49),"",IFERROR((VLOOKUP(N49,'Food List'!$C:$H,5,FALSE))*P49,"")) | T49: =IF(ISBLANK(P49),"",IFERROR((VLOOKUP(N49,'Food List'!$C:$H,6,FALSE))*P49,""))
E50: =IF(ISBLANK(D50),"",IFERROR((VLOOKUP(D50,'Food List'!$C:$H,2,FALSE)),"")) | G50: =IF(ISBLANK(F50),"",IFERROR((VLOOKUP(D50,'Food List'!$C:$H,3,FALSE))*F50,"")) | H50: =IF(ISBLANK(F50),"",IFERROR((VLOOKUP(D50,'Food List'!$C:$H,4,FALSE))*F50,"")) | I50: =IF(ISBLANK(F50),"",IFERROR((VLOOKUP(D50,'Food List'!$C:$H,5,FALSE))*F50,"")) | J50: =IF(ISBLANK(F50),"",IFERROR((VLOOKUP(D50,'Food List'!$C:$H,6,FALSE))*F50,"")) | O50: =IF(ISBLANK(N50),"",IFERROR((VLOOKUP(N50,'Food List'!$C:$H,2,FALSE)),"")) | Q50: =IF(ISBLANK(P50),"",IFERROR((VLOOKUP(N50,'Food List'!$C:$H,3,FALSE))*P50,"")) | R50: =IF(ISBLANK(P50),"",IFERROR((VLOOKUP(N50,'Food List'!$C:$H,4,FALSE))*P50,"")) | S50: =IF(ISBLANK(P50),"",IFERROR((VLOOKUP(N50,'Food List'!$C:$H,5,FALSE))*P50,"")) | T50: =IF(ISBLANK(P50),"",IFERROR((VLOOKUP(N50,'Food List'!$C:$H,6,FALSE))*P50,""))
E51: =IF(ISBLANK(D51),"",IFERROR((VLOOKUP(D51,'Food List'!$C:$H,2,FALSE)),"")) | G51: =IF(ISBLANK(F51),"",IFERROR((VLOOKUP(D51,'Food List'!$C:$H,3,FALSE))*F51,"")) | H51: =IF(ISBLANK(F51),"",IFERROR((VLOOKUP(D51,'Food List'!$C:$H,4,FALSE))*F51,"")) | I51: =IF(ISBLANK(F51),"",IFERROR((VLOOKUP(D51,'Food List'!$C:$H,5,FALSE))*F51,"")) | J51: =IF(ISBLANK(F51),"",IFERROR((VLOOKUP(D51,'Food List'!$C:$H,6,FALSE))*F51,"")) | O51: =IF(ISBLANK(N51),"",IFERROR((VLOOKUP(N51,'Food List'!$C:$H,2,FALSE)),"")) | Q51: =IF(ISBLANK(P51),"",IFERROR((VLOOKUP(N51,'Food List'!$C:$H,3,FALSE))*P51,"")) | R51: =IF(ISBLANK(P51),"",IFERROR((VLOOKUP(N51,'Food List'!$C:$H,4,FALSE))*P51,"")) | S51: =IF(ISBLANK(P51),"",IFERROR((VLOOKUP(N51,'Food List'!$C:$H,5,FALSE))*P51,"")) | T51: =IF(ISBLANK(P51),"",IFERROR((VLOOKUP(N51,'Food List'!$C:$H,6,FALSE))*P51,""))
D52: MEAL TOTAL | G52: =IFERROR(SUM(G48:G51),0) -> 0 | H52: =IFERROR(SUM(H48:H51),0) -> 0 | I52: =IFERROR(SUM(I48:I51),0) -> 0 | J52: =IFERROR(SUM(J48:J51),0) -> 0 | N52: MEAL TOTAL | Q52: =IFERROR(SUM(Q48:Q51),0) -> 0 | R52: =IFERROR(SUM(R48:R51),0) -> 0 | S52: =IFERROR(SUM(S48:S51),0) -> 0 | T52: =IFERROR(SUM(T48:T51),0) -> 0
B54: DAY TOTAL | G54: =G14+G22+G30+G38+G46+G52 -> 1401.8 | H54: =H14+H22+H30+H38+H46+H52 -> 133.43 | I54: =I14+I22+I30+I38+I46+I52 -> 182.6 | J54: =J14+J22+J30+J38+J46+J52 -> 15.525 | L54: DAY TOTAL | Q54: =Q14+Q22+Q30+Q38+Q46+Q52 -> 1134.5 | R54: =R14+R22+R30+R38+R46+R52 -> 98.45 | S54: =S14+S22+S30+S38+S46+S52 -> 134.7 | T54: =T14+T22+T30+T38+T46+T52 -> 21.5
B55: Template and Design by Lucia Hughes

Sheet Meal Plan - 7 Day
B1: MAHON PERFORMANCE
E2: DAY | F2: CALS | G2: PRO | H2: CHO | I2: FAT
E3: MON | F3: =G59 -> 1469.1 | G3: =H59 -> 134.02 | H3: =I59 -> 156.35 | I3: =J59 -> 34.05
E4: TUES | F4: =Q59 -> 1135 | G4: =R59 -> 90.05 | H4: =S59 -> 93.6 | I4: =T59 -> 44.35
E5: WED | F5: =AA59 -> 922.1 | G5: =AB59 -> 110.12 | H5: =AC59 -> 93.8 | I5: =AD59 -> 10.8
E6: THURS | F6: =AK59 -> 0 | G6: =AL59 -> 0 | H6: =AM59 -> 0 | I6: =AN59 -> 0
E7: FRI | F7: =AU59 -> 0 | G7: =AV59 -> 0 | H7: =AW59 -> 0 | I7: =AX59 -> 0
E8: SAT | F8: =BE59 -> 0 | G8: =BF59 -> 0 | H8: =BG59 -> 0 | I8: =BH59 -> 0
E9: SUN | F9: =BO59 -> 0 | G9: =BP59 -> 0 | H9: =BQ59 -> 0 | I9: =BR59 -> 0
B11: MONDAY | L11: TUESDAY | V11: WEDNESDAY | AF11: THURSDAY | AP11: FRIDAY | AZ11: SATURDAY | BJ11: SUNDAY
B12: MEAL NO. | D12: FOOD | E12: PORTION | F12: NO. OF PORTIONS | G12: CALS | H12: PRO | I12: CHO | J12: FAT | L12: MEAL NO. | N12: FOOD | O12: PORTION | P12: NO. OF PORTIONS | Q12: CALS | R12: PRO | S12: CHO | T12: FAT | V12: MEAL NO. | X12: FOOD | Y12: PORTION | Z12: NO. OF PORTIONS | AA12: CALS | AB12: PRO | AC12: CHO | AD12: FAT | AF12: MEAL NO. | AH12: FOOD | AI12: PORTION | AJ12: NO. OF PORTIONS | AK12: CALS | AL12: PRO | AM12: CHO | AN12: FAT | AP12: MEAL NO. | AR12: FOOD | AS12: PORTION | AT12: NO. OF PORTIONS | AU12: CALS | AV12: PRO | AW12: CHO | AX12: FAT | AZ12: MEAL NO. | BB12: FOOD | BC12: PORTION | BD12: NO. OF PORTIONS | BE12: CALS | BF12: PRO | BG12: CHO | BH12: FAT | BJ12: MEAL NO. | BL12: FOOD | BM12: PORTION | BN12: NO. OF PORTIONS | BO12: CALS | BP12: PRO | BQ12: CHO | BR12: FAT
B13: M1 | D13: Greek Yoghurt (0%) | E13: =IF(ISBLANK(D13),"",IFERROR((VLOOKUP(D13,'Food List'!$C:$H,2,FALSE)),"")) -> 100g | F13: 3 | G13: =IF(ISBLANK(F13),"",IFERROR((VLOOKUP(D13,'Food List'!$C:$H,3,FALSE))*F13,"")) -> 174 | H13: =IF(ISBLANK(F13),"",IFERROR((VLOOKUP(D13,'Food List'!$C:$H,4,FALSE))*F13,"")) -> 31.8 | I13: =IF(ISBLANK(F13),"",IFERROR((VLOOKUP(D13,'Food List'!$C:$H,5,FALSE))*F13,"")) -> 11.7 | J13: =IF(ISBLANK(F13),"",IFERROR((VLOOKUP(D13,'Food List'!$C:$H,6,FALSE))*F13,"")) -> 0 | L13: M1 | N13: Eggs Whole | O13: =IF(ISBLANK(N13),"",IFERROR((VLOOKUP(N13,'Food List'!$C:$H,2,FALSE)),"")) -> 1 egg | P13: 2 | Q13: =IF(ISBLANK(P13),"",IFERROR((VLOOKUP(N13,'Food List'!$C:$H,3,FALSE))*P13,"")) -> 144 | R13: =IF(ISBLANK(P13),"",IFERROR((VLOOKUP(N13,'Food List'!$C:$H,4,FALSE))*P13,"")) -> 12 | S13: =IF(ISBLANK(P13),"",IFERROR((VLOOKUP(N13,'Food List'!$C:$H,5,FALSE))*P13,"")) -> 0.8 | T13: =IF(ISBLANK(P13),"",IFERROR((VLOOKUP(N13,'Food List'!$C:$H,6,FALSE))*P13,"")) -> 9.6 | V13: M1 | X13: Eggs Whole | Y13: =IF(ISBLANK(X13),"",IFERROR((VLOOKUP(X13,'Food List'!$C:$H,2,FALSE)),"")) -> 1 egg | Z13: 1 | AA13: =IF(ISBLANK(Z13),"",IFERROR((VLOOKUP(X13,'Food List'!$C:$H,3,FALSE))*Z13,"")) -> 72 | AB13: =IF(ISBLANK(Z13),"",IFERROR((VLOOKUP(X13,'Food List'!$C:$H,4,FALSE))*Z13,"")) -> 6 | AC13: =IF(ISBLANK(Z13),"",IFERROR((VLOOKUP(X13,'Food List'!$C:$H,5,FALSE))*Z13,"")) -> 0.4 | AD13: =IF(ISBLANK(Z13),"",IFERROR((VLOOKUP(X13,'Food List'!$C:$H,6,FALSE))*Z13,"")) -> 4.8 | AF13: M1 | AI13: =IF(ISBLANK(AH13),"",IFERROR((VLOOKUP(AH13,'Food List'!$C:$H,2,FALSE)),"")) | AK13: =IF(ISBLANK(AJ13),"",IFERROR((VLOOKUP(AH13,'Food List'!$C:$H,3,FALSE))*AJ13,"")) | AL13: =IF(ISBLANK(AJ13),"",IFERROR((VLOOKUP(AH13,'Food List'!$C:$H,4,FALSE))*AJ13,"")) | AM13: =IF(ISBLANK(AJ13),"",IFERROR((VLOOKUP(AH13,'Food List'!$C:$H,5,FALSE))*AJ13,"")) | AN13: =IF(ISBLANK(AJ13),"",IFERROR((VLOOKUP(AH13,'Food List'!$C:$H,6,FALSE))*AJ13,"")) | AP13: M1 | AS13: =IF(ISBLANK(AR13),"",IFERROR((VLOOKUP(AR13,'Food List'!$C:$H,2,FALSE)),"")) | AU13: =IF(ISBLANK(AT13),"",IFERROR((VLOOKUP(AR13,'Food List'!$C:$H,3,FALSE))*AT13,"")) | AV13: =IF(ISBLANK(AT13),"",IFERROR((VLOOKUP(AR13,'Food List'!$C:$H,4,FALSE))*AT13,"")) | AW13: =IF(ISBLANK(AT13),"",IFERROR((VLOOKUP(AR13,'Food List'!$C:$H,5,FALSE))*AT13,"")) | AX13: =IF(ISBLANK(AT13),"",IFERROR((VLOOKUP(AR13,'Food List'!$C:$H,6,FALSE))*AT13,"")) | AZ13: M1 | BC13: =IF(ISBLANK(BB13),"",IFERROR((VLOOKUP(BB13,'Food List'!$C:$H,2,FALSE)),"")) | BE13: =IF(ISBLANK(BD13),"",IFERROR((VLOOKUP(BB13,'Food List'!$C:$H,3,FALSE))*BD13,"")) | BF13: =IF(ISBLANK(BD13),"",IFERROR((VLOOKUP(BB13,'Food List'!$C:$H,4,FALSE))*BD13,"")) | BG13: =IF(ISBLANK(BD13),"",IFERROR((VLOOKUP(BB13,'Food List'!$C:$H,5,FALSE))*BD13,"")) | BH13: =IF(ISBLANK(BD13),"",IFERROR((VLOOKUP(BB13,'Food List'!$C:$H,6,FALSE))*BD13,"")) | BJ13: M1 | BM13: =IF(ISBLANK(BL13),"",IFERROR((VLOOKUP(BL13,'Food List'!$C:$H,2,FALSE)),"")) | BO13: =IF(ISBLANK(BN13),"",IFERROR((VLOOKUP(BL13,'Food List'!$C:$H,3,FALSE))*BN13,"")) | BP13: =IF(ISBLANK(BN13),"",IFERROR((VLOOKUP(BL13,'Food List'!$C:$H,4,FALSE))*BN13,"")) | BQ13: =IF(ISBLANK(BN13),"",IFERROR((VLOOKUP(BL13,'Food List'!$C:$H,5,FALSE))*BN13,"")) | BR13: =IF(ISBLANK(BN13),"",IFERROR((VLOOKUP(BL13,'Food List'!$C:$H,6,FALSE))*BN13,""))
D14: Raspberries | E14: =IF(ISBLANK(D14),"",IFERROR((VLOOKUP(D14,'Food List'!$C:$H,2,FALSE)),"")) -> 100g | F14: 2 | G14: =IF(ISBLANK(F14),"",IFERROR((VLOOKUP(D14,'Food List'!$C:$H,3,FALSE))*F14,"")) -> 54 | H14: =IF(ISBLANK(F14),"",IFERROR((VLOOKUP(D14,'Food List'!$C:$H,4,FALSE))*F14,"")) -> 2.8 | I14: =IF(ISBLANK(F14),"",IFERROR((VLOOKUP(D14,'Food List'!$C:$H,5,FALSE))*F14,"")) -> 9.2 | J14: =IF(ISBLANK(F14),"",IFERROR((VLOOKUP(D14,'Food List'!$C:$H,6,FALSE))*F14,"")) -> 0.6 | N14: White Sourdough Bread | O14: =IF(ISBLANK(N14),"",IFERROR((VLOOKUP(N14,'Food List'!$C:$H,2,FALSE)),"")) -> 100g | P14: 0.5 | Q14: =IF(ISBLANK(P14),"",IFERROR((VLOOKUP(N14,'Food List'!$C:$H,3,FALSE))*P14,"")) -> 139.5 | R14: =IF(ISBLANK(P14),"",IFERROR((VLOOKUP(N14,'Food List'!$C:$H,4,FALSE))*P14,"")) -> 5.9 | S14: =IF(ISBLANK(P14),"",IFERROR((VLOOKUP(N14,'Food List'!$C:$H,5,FALSE))*P14,"")) -> 27 | T14: =IF(ISBLANK(P14),"",IFERROR((VLOOKUP(N14,'Food List'!$C:$H,6,FALSE))*P14,"")) -> 0.9 | X14: Turkey Rasher | Y14: =IF(ISBLANK(X14),"",IFERROR((VLOOKUP(X14,'Food List'!$C:$H,2,FALSE)),"")) -> 1 rasher | Z14: 2 | AA14: =IF(ISBLANK(Z14),"",IFERROR((VLOOKUP(X14,'Food List'!$C:$H,3,FALSE))*Z14,"")) -> 58 | AB14: =IF(ISBLANK(Z14),"",IFERROR((VLOOKUP(X14,'Food List'!$C:$H,4,FALSE))*Z14,"")) -> 10.2 | AC14: =IF(ISBLANK(Z14),"",IFERROR((VLOOKUP(X14,'Food List'!$C:$H,5,FALSE))*Z14,"")) -> 1 | AD14: =IF(ISBLANK(Z14),"",IFERROR((VLOOKUP(X14,'Food List'!$C:$H,6,FALSE))*Z14,"")) -> 1.4 | AI14: =IF(ISBLANK(AH14),"",IFERROR((VLOOKUP(AH14,'Food List'!$C:$H,2,FALSE)),"")) | AK14: =IF(ISBLANK(AJ14),"",IFERROR((VLOOKUP(AH14,'Food List'!$C:$H,3,FALSE))*AJ14,"")) | AL14: =IF(ISBLANK(AJ14),"",IFERROR((VLOOKUP(AH14,'Food List'!$C:$H,4,FALSE))*AJ14,"")) | AM14: =IF(ISBLANK(AJ14),"",IFERROR((VLOOKUP(AH14,'Food List'!$C:$H,5,FALSE))*AJ14,"")) | AN14: =IF(ISBLANK(AJ14),"",IFERROR((VLOOKUP(AH14,'Food List'!$C:$H,6,FALSE))*AJ14,"")) | AS14: =IF(ISBLANK(AR14),"",IFERROR((VLOOKUP(AR14,'Food List'!$C:$H,2,FALSE)),"")) | AU14: =IF(ISBLANK(AT14),"",IFERROR((VLOOKUP(AR14,'Food List'!$C:$H,3,FALSE))*AT14,"")) | AV14: =IF(ISBLANK(AT14),"",IFERROR((VLOOKUP(AR14,'Food List'!$C:$H,4,FALSE))*AT14,"")) | AW14: =IF(ISBLANK(AT14),"",IFERROR((VLOOKUP(AR14,'Food List'!$C:$H,5,FALSE))*AT14,"")) | AX14: =IF(ISBLANK(AT14),"",IFERROR((VLOOKUP(AR14,'Food List'!$C:$H,6,FALSE))*AT14,"")) | BC14: =IF(ISBLANK(BB14),"",IFERROR((VLOOKUP(BB14,'Food List'!$C:$H,2,FALSE)),"")) | BE14: =IF(ISBLANK(BD14),"",IFERROR((VLOOKUP(BB14,'Food List'!$C:$H,3,FALSE))*BD14,"")) | BF14: =IF(ISBLANK(BD14),"",IFERROR((VLOOKUP(BB14,'Food List'!$C:$H,4,FALSE))*BD14,"")) | BG14: =IF(ISBLANK(BD14),"",IFERROR((VLOOKUP(BB14,'Food List'!$C:$H,5,FALSE))*BD14,"")) | BH14: =IF(ISBLANK(BD14),"",IFERROR((VLOOKUP(BB14,'Food List'!$C:$H,6,FALSE))*BD14,"")) | BM14: =IF(ISBLANK(BL14),"",IFERROR((VLOOKUP(BL14,'Food List'!$C:$H,2,FALSE)),"")) | BO14: =IF(ISBLANK(BN14),"",IFERROR((VLOOKUP(BL14,'Food List'!$C:$H,3,FALSE))*BN14,"")) | BP14: =IF(ISBLANK(BN14),"",IFERROR((VLOOKUP(BL14,'Food List'!$C:$H,4,FALSE))*BN14,"")) | BQ14: =IF(ISBLANK(BN14),"",IFERROR((VLOOKUP(BL14,'Food List'!$C:$H,5,FALSE))*BN14,"")) | BR14: =IF(ISBLANK(BN14),"",IFERROR((VLOOKUP(BL14,'Food List'!$C:$H,6,FALSE))*BN14,""))
D15: Honey | E15: =IF(ISBLANK(D15),"",IFERROR((VLOOKUP(D15,'Food List'!$C:$H,2,FALSE)),"")) -> 100g | F15: 0.3 | G15: =IF(ISBLANK(F15),"",IFERROR((VLOOKUP(D15,'Food List'!$C:$H,3,FALSE))*F15,"")) -> 92.1 | H15: =IF(ISBLANK(F15),"",IFERROR((VLOOKUP(D15,'Food List'!$C:$H,4,FALSE))*F15,"")) -> 0.12 | I15: =IF(ISBLANK(F15),"",IFERROR((VLOOKUP(D15,'Food List'!$C:$H,5,FALSE))*F15,"")) -> 22.8 | J15: =IF(ISBLANK(F15),"",IFERROR((VLOOKUP(D15,'Food List'!$C:$H,6,FALSE))*F15,"")) -> 0 | N15: Avocado | O15: =IF(ISBLANK(N15),"",IFERROR((VLOOKUP(N15,'Food List'!$C:$H,2,FALSE)),"")) -> 100g | P15: 1 | Q15: =IF(ISBLANK(P15),"",IFERROR((VLOOKUP(N15,'Food List'!$C:$H,3,FALSE))*P15,"")) -> 191 | R15: =IF(ISBLANK(P15),"",IFERROR((VLOOKUP(N15,'Food List'!$C:$H,4,FALSE))*P15,"")) -> 1.9 | S15: =IF(ISBLANK(P15),"",IFERROR((VLOOKUP(N15,'Food List'!$C:$H,5,FALSE))*P15,"")) -> 1.9 | T15: =IF(ISBLANK(P15),"",IFERROR((VLOOKUP(N15,'Food List'!$C:$H,6,FALSE))*P15,"")) -> 19.5 | X15: Plain Bagel | Y15: =IF(ISBLANK(X15),"",IFERROR((VLOOKUP(X15,'Food List'!$C:$H,2,FALSE)),"")) -> 1 bagel | Z15: 1 | AA15: =IF(ISBLANK(Z15),"",IFERROR((VLOOKUP(X15,'Food List'!$C:$H,3,FALSE))*Z15,"")) -> 224 | AB15: =IF(ISBLANK(Z15),"",IFERROR((VLOOKUP(X15,'Food List'!$C:$H,4,FALSE))*Z15,"")) -> 8.5 | AC15: =IF(ISBLANK(Z15),"",IFERROR((VLOOKUP(X15,'Food List'!$C:$H,5,FALSE))*Z15,"")) -> 43.8 | AD15: =IF(ISBLANK(Z15),"",IFERROR((VLOOKUP(X15,'Food List'!$C:$H,6,FALSE))*Z15,"")) -> 1.2 | AI15: =IF(ISBLANK(AH15),"",IFERROR((VLOOKUP(AH15,'Food List'!$C:$H,2,FALSE)),"")) | AK15: =IF(ISBLANK(AJ15),"",IFERROR((VLOOKUP(AH15,'Food List'!$C:$H,3,FALSE))*AJ15,"")) | AL15: =IF(ISBLANK(AJ15),"",IFERROR((VLOOKUP(AH15,'Food List'!$C:$H,4,FALSE))*AJ15,"")) | AM15: =IF(ISBLANK(AJ15),"",IFERROR((VLOOKUP(AH15,'Food List'!$C:$H,5,FALSE))*AJ15,"")) | AN15: =IF(ISBLANK(AJ15),"",IFERROR((VLOOKUP(AH15,'Food List'!$C:$H,6,FALSE))*AJ15,"")) | AS15: =IF(ISBLANK(AR15),"",IFERROR((VLOOKUP(AR15,'Food List'!$C:$H,2,FALSE)),"")) | AU15: =IF(ISBLANK(AT15),"",IFERROR((VLOOKUP(AR15,'Food List'!$C:$H,3,FALSE))*AT15,"")) | AV15: =IF(ISBLANK(AT15),"",IFERROR((VLOOKUP(AR15,'Food List'!$C:$H,4,FALSE))*AT15,"")) | AW15: =IF(ISBLANK(AT15),"",IFERROR((VLOOKUP(AR15,'Food List'!$C:$H,5,FALSE))*AT15,"")) | AX15: =IF(ISBLANK(AT15),"",IFERROR((VLOOKUP(AR15,'Food List'!$C:$H,6,FALSE))*AT15,"")) | BC15: =IF(ISBLANK(BB15),"",IFERROR((VLOOKUP(BB15,'Food List'!$C:$H,2,FALSE)),"")) | BE15: =IF(ISBLANK(BD15),"",IFERROR((VLOOKUP(BB15,'Food List'!$C:$H,3,FALSE))*BD15,"")) | BF15: =IF(ISBLANK(BD15),"",IFERROR((VLOOKUP(BB15,'Food List'!$C:$H,4,FALSE))*BD15,"")) | BG15: =IF(ISBLANK(BD15),"",IFERROR((VLOOKUP(BB15,'Food List'!$C:$H,5,FALSE))*BD15,"")) | BH15: =IF(ISBLANK(BD15),"",IFERROR((VLOOKUP(BB15,'Food List'!$C:$H,6,FALSE))*BD15,"")) | BM15: =IF(ISBLANK(BL15),"",IFERROR((VLOOKUP(BL15,'Food List'!$C:$H,2,FALSE)),"")) | BO15: =IF(ISBLANK(BN15),"",IFERROR((VLOOKUP(BL15,'Food List'!$C:$H,3,FALSE))*BN15,"")) | BP15: =IF(ISBLANK(BN15),"",IFERROR((VLOOKUP(BL15,'Food List'!$C:$H,4,FALSE))*BN15,"")) | BQ15: =IF(ISBLANK(BN15),"",IFERROR((VLOOKUP(BL15,'Food List'!$C:$H,5,FALSE))*BN15,"")) | BR15: =IF(ISBLANK(BN15),"",IFERROR((VLOOKUP(BL15,'Food List'!$C:$H,6,FALSE))*BN15,""))
E16: =IF(ISBLANK(D16),"",IFERROR((VLOOKUP(D16,'Food List'!$C:$H,2,FALSE)),"")) | G16: =IF(ISBLANK(F16),"",IFERROR((VLOOKUP(D16,'Food List'!$C:$H,3,FALSE))*F16,"")) | H16: =IF(ISBLANK(F16),"",IFERROR((VLOOKUP(D16,'Food List'!$C:$H,4,FALSE))*F16,"")) | I16: =IF(ISBLANK(F16),"",IFERROR((VLOOKUP(D16,'Food List'!$C:$H,5,FALSE))*F16,"")) | J16: =IF(ISBLANK(F16),"",IFERROR((VLOOKUP(D16,'Food List'!$C:$H,6,FALSE))*F16,"")) | O16: =IF(ISBLANK(N16),"",IFERROR((VLOOKUP(N16,'Food List'!$C:$H,2,FALSE)),"")) | Q16: =IF(ISBLANK(P16),"",IFERROR((VLOOKUP(N16,'Food List'!$C:$H,3,FALSE))*P16,"")) | R16: =IF(ISBLANK(P16),"",IFERROR((VLOOKUP(N16,'Food List'!$C:$H,4,FALSE))*P16,"")) | S16: =IF(ISBLANK(P16),"",IFERROR((VLOOKUP(N16,'Food List'!$C:$H,5,FALSE))*P16,"")) | T16: =IF(ISBLANK(P16),"",IFERROR((VLOOKUP(N16,'Food List'!$C:$H,6,FALSE))*P16,"")) | Y16: =IF(ISBLANK(X16),"",IFERROR((VLOOKUP(X16,'Food List'!$C:$H,2,FALSE)),"")) | AA16: =IF(ISBLANK(Z16),"",IFERROR((VLOOKUP(X16,'Food List'!$C:$H,3,FALSE))*Z16,"")) | AB16: =IF(ISBLANK(Z16),"",IFERROR((VLOOKUP(X16,'Food List'!$C:$H,4,FALSE))*Z16,"")) | AC16: =IF(ISBLANK(Z16),"",IFERROR((VLOOKUP(X16,'Food List'!$C:$H,5,FALSE))*Z16,"")) | AD16: =IF(ISBLANK(Z16),"",IFERROR((VLOOKUP(X16,'Food List'!$C:$H,6,FALSE))*Z16,"")) | AI16: =IF(ISBLANK(AH16),"",IFERROR((VLOOKUP(AH16,'Food List'!$C:$H,2,FALSE)),"")) | AK16: =IF(ISBLANK(AJ16),"",IFERROR((VLOOKUP(AH16,'Food List'!$C:$H,3,FALSE))*AJ16,"")) | AL16: =IF(ISBLANK(AJ16),"",IFERROR((VLOOKUP(AH16,'Food List'!$C:$H,4,FALSE))*AJ16,"")) | AM16: =IF(ISBLANK(AJ16),"",IFERROR((VLOOKUP(AH16,'Food List'!$C:$H,5,FALSE))*AJ16,"")) | AN16: =IF(ISBLANK(AJ16),"",IFERROR((VLOOKUP(AH16,'Food List'!$C:$H,6,FALSE))*AJ16,"")) | AS16: =IF(ISBLANK(AR16),"",IFERROR((VLOOKUP(AR16,'Food List'!$C:$H,2,FALSE)),"")) | AU16: =IF(ISBLANK(AT16),"",IFERROR((VLOOKUP(AR16,'Food List'!$C:$H,3,FALSE))*AT16,"")) | AV16: =IF(ISBLANK(AT16),"",IFERROR((VLOOKUP(AR16,'Food List'!$C:$H,4,FALSE))*AT16,"")) | AW16: =IF(ISBLANK(AT16),"",IFERROR((VLOOKUP(AR16,'Food List'!$C:$H,5,FALSE))*AT16,"")) | AX16: =IF(ISBLANK(AT16),"",IFERROR((VLOOKUP(AR16,'Food List'!$C:$H,6,FALSE))*AT16,"")) | BC16: =IF(ISBLANK(BB16),"",IFERROR((VLOOKUP(BB16,'Food List'!$C:$H,2,FALSE)),"")) | BE16: =IF(ISBLANK(BD16),"",IFERROR((VLOOKUP(BB16,'Food List'!$C:$H,3,FALSE))*BD16,"")) | BF16: =IF(ISBLANK(BD16),"",IFERROR((VLOOKUP(BB16,'Food List'!$C:$H,4,FALSE))*BD16,"")) | BG16: =IF(ISBLANK(BD16),"",IFERROR((VLOOKUP(BB16,'Food List'!$C:$H,5,FALSE))*BD16,"")) | BH16: =IF(ISBLANK(BD16),"",IFERROR((VLOOKUP(BB16,'Food List'!$C:$H,6,FALSE))*BD16,"")) | BM16: =IF(ISBLANK(BL16),"",IFERROR((VLOOKUP(BL16,'Food List'!$C:$H,2,FALSE)),"")) | BO16: =IF(ISBLANK(BN16),"",IFERROR((VLOOKUP(BL16,'Food List'!$C:$H,3,FALSE))*BN16,"")) | BP16: =IF(ISBLANK(BN16),"",IFERROR((VLOOKUP(BL16,'Food List'!$C:$H,4,FALSE))*BN16,"")) | BQ16: =IF(ISBLANK(BN16),"",IFERROR((VLOOKUP(BL16,'Food List'!$C:$H,5,FALSE))*BN16,"")) | BR16: =IF(ISBLANK(BN16),"",IFERROR((VLOOKUP(BL16,'Food List'!$C:$H,6,FALSE))*BN16,""))
E17: =IF(ISBLANK(D17),"",IFERROR((VLOOKUP(D17,'Food List'!$C:$H,2,FALSE)),"")) | G17: =IF(ISBLANK(F17),"",IFERROR((VLOOKUP(D17,'Food List'!$C:$H,3,FALSE))*F17,"")) | H17: =IF(ISBLANK(F17),"",IFERROR((VLOOKUP(D17,'Food List'!$C:$H,4,FALSE))*F17,"")) | I17: =IF(ISBLANK(F17),"",IFERROR((VLOOKUP(D17,'Food List'!$C:$H,5,FALSE))*F17,"")) | J17: =IF(ISBLANK(F17),"",IFERROR((VLOOKUP(D17,'Food List'!$C:$H,6,FALSE))*F17,"")) | O17: =IF(ISBLANK(N17),"",IFERROR((VLOOKUP(N17,'Food List'!$C:$H,2,FALSE)),"")) | Q17: =IF(ISBLANK(P17),"",IFERROR((VLOOKUP(N17,'Food List'!$C:$H,3,FALSE))*P17,"")) | R17: =IF(ISBLANK(P17),"",IFERROR((VLOOKUP(N17,'Food List'!$C:$H,4,FALSE))*P17,"")) | S17: =IF(ISBLANK(P17),"",IFERROR((VLOOKUP(N17,'Food List'!$C:$H,5,FALSE))*P17,"")) | T17: =IF(ISBLANK(P17),"",IFERROR((VLOOKUP(N17,'Food List'!$C:$H,6,FALSE))*P17,"")) | Y17: =IF(ISBLANK(X17),"",IFERROR((VLOOKUP(X17,'Food List'!$C:$H,2,FALSE)),"")) | AA17: =IF(ISBLANK(Z17),"",IFERROR((VLOOKUP(X17,'Food List'!$C:$H,3,FALSE))*Z17,"")) | AB17: =IF(ISBLANK(Z17),"",IFERROR((VLOOKUP(X17,'Food List'!$C:$H,4,FALSE))*Z17,"")) | AC17: =IF(ISBLANK(Z17),"",IFERROR((VLOOKUP(X17,'Food List'!$C:$H,5,FALSE))*Z17,"")) | AD17: =IF(ISBLANK(Z17),"",IFERROR((VLOOKUP(X17,'Food List'!$C:$H,6,FALSE))*Z17,"")) | AI17: =IF(ISBLANK(AH17),"",IFERROR((VLOOKUP(AH17,'Food List'!$C:$H,2,FALSE)),"")) | AK17: =IF(ISBLANK(AJ17),"",IFERROR((VLOOKUP(AH17,'Food List'!$C:$H,3,FALSE))*AJ17,"")) | AL17: =IF(ISBLANK(AJ17),"",IFERROR((VLOOKUP(AH17,'Food List'!$C:$H,4,FALSE))*AJ17,"")) | AM17: =IF(ISBLANK(AJ17),"",IFERROR((VLOOKUP(AH17,'Food List'!$C:$H,5,FALSE))*AJ17,"")) | AN17: =IF(ISBLANK(AJ17),"",IFERROR((VLOOKUP(AH17,'Food List'!$C:$H,6,FALSE))*AJ17,"")) | AS17: =IF(ISBLANK(AR17),"",IFERROR((VLOOKUP(AR17,'Food List'!$C:$H,2,FALSE)),"")) | AU17: =IF(ISBLANK(AT17),"",IFERROR((VLOOKUP(AR17,'Food List'!$C:$H,3,FALSE))*AT17,"")) | AV17: =IF(ISBLANK(AT17),"",IFERROR((VLOOKUP(AR17,'Food List'!$C:$H,4,FALSE))*AT17,"")) | AW17: =IF(ISBLANK(AT17),"",IFERROR((VLOOKUP(AR17,'Food List'!$C:$H,5,FALSE))*AT17,"")) | AX17: =IF(ISBLANK(AT17),"",IFERROR((VLOOKUP(AR17,'Food List'!$C:$H,6,FALSE))*AT17,"")) | BC17: =IF(ISBLANK(BB17),"",IFERROR((VLOOKUP(BB17,'Food List'!$C:$H,2,FALSE)),"")) | BE17: =IF(ISBLANK(BD17),"",IFERROR((VLOOKUP(BB17,'Food List'!$C:$H,3,FALSE))*BD17,"")) | BF17: =IF(ISBLANK(BD17),"",IFERROR((VLOOKUP(BB17,'Food List'!$C:$H,4,FALSE))*BD17,"")) | BG17: =IF(ISBLANK(BD17),"",IFERROR((VLOOKUP(BB17,'Food List'!$C:$H,5,FALSE))*BD17,"")) | BH17: =IF(ISBLANK(BD17),"",IFERROR((VLOOKUP(BB17,'Food List'!$C:$H,6,FALSE))*BD17,"")) | BM17: =IF(ISBLANK(BL17),"",IFERROR((VLOOKUP(BL17,'Food List'!$C:$H,2,FALSE)),"")) | BO17: =IF(ISBLANK(BN17),"",IFERROR((VLOOKUP(BL17,'Food List'!$C:$H,3,FALSE))*BN17,"")) | BP17: =IF(ISBLANK(BN17),"",IFERROR((VLOOKUP(BL17,'Food List'!$C:$H,4,FALSE))*BN17,"")) | BQ17: =IF(ISBLANK(BN17),"",IFERROR((VLOOKUP(BL17,'Food List'!$C:$H,5,FALSE))*BN17,"")) | BR17: =IF(ISBLANK(BN17),"",IFERROR((VLOOKUP(BL17,'Food List'!$C:$H,6,FALSE))*BN17,""))
E18: =IF(ISBLANK(D18),"",IFERROR((VLOOKUP(D18,'Food List'!$C:$H,2,FALSE)),"")) | G18: =IF(ISBLANK(F18),"",IFERROR((VLOOKUP(D18,'Food List'!$C:$H,3,FALSE))*F18,"")) | H18: =IF(ISBLANK(F18),"",IFERROR((VLOOKUP(D18,'Food List'!$C:$H,4,FALSE))*F18,"")) | I18: =IF(ISBLANK(F18),"",IFERROR((VLOOKUP(D18,'Food List'!$C:$H,5,FALSE))*F18,"")) | J18: =IF(ISBLANK(F18),"",IFERROR((VLOOKUP(D18,'Food List'!$C:$H,6,FALSE))*F18,"")) | O18: =IF(ISBLANK(N18),"",IFERROR((VLOOKUP(N18,'Food List'!$C:$H,2,FALSE)),"")) | Q18: =IF(ISBLANK(P18),"",IFERROR((VLOOKUP(N18,'Food List'!$C:$H,3,FALSE))*P18,"")) | R18: =IF(ISBLANK(P18),"",IFERROR((VLOOKUP(N18,'Food List'!$C:$H,4,FALSE))*P18,"")) | S18: =IF(ISBLANK(P18),"",IFERROR((VLOOKUP(N18,'Food List'!$C:$H,5,FALSE))*P18,"")) | T18: =IF(ISBLANK(P18),"",IFERROR((VLOOKUP(N18,'Food List'!$C:$H,6,FALSE))*P18,"")) | Y18: =IF(ISBLANK(X18),"",IFERROR((VLOOKUP(X18,'Food List'!$C:$H,2,FALSE)),"")) | AA18: =IF(ISBLANK(Z18),"",IFERROR((VLOOKUP(X18,'Food List'!$C:$H,3,FALSE))*Z18,"")) | AB18: =IF(ISBLANK(Z18),"",IFERROR((VLOOKUP(X18,'Food List'!$C:$H,4,FALSE))*Z18,"")) | AC18: =IF(ISBLANK(Z18),"",IFERROR((VLOOKUP(X18,'Food List'!$C:$H,5,FALSE))*Z18,"")) | AD18: =IF(ISBLANK(Z18),"",IFERROR((VLOOKUP(X18,'Food List'!$C:$H,6,FALSE))*Z18,"")) | AI18: =IF(ISBLANK(AH18),"",IFERROR((VLOOKUP(AH18,'Food List'!$C:$H,2,FALSE)),"")) | AK18: =IF(ISBLANK(AJ18),"",IFERROR((VLOOKUP(AH18,'Food List'!$C:$H,3,FALSE))*AJ18,"")) | AL18: =IF(ISBLANK(AJ18),"",IFERROR((VLOOKUP(AH18,'Food List'!$C:$H,4,FALSE))*AJ18,"")) | AM18: =IF(ISBLANK(AJ18),"",IFERROR((VLOOKUP(AH18,'Food List'!$C:$H,5,FALSE))*AJ18,"")) | AN18: =IF(ISBLANK(AJ18),"",IFERROR((VLOOKUP(AH18,'Food List'!$C:$H,6,FALSE))*AJ18,"")) | AS18: =IF(ISBLANK(AR18),"",IFERROR((VLOOKUP(AR18,'Food List'!$C:$H,2,FALSE)),"")) | AU18: =IF(ISBLANK(AT18),"",IFERROR((VLOOKUP(AR18,'Food List'!$C:$H,3,FALSE))*AT18,"")) | AV18: =IF(ISBLANK(AT18),"",IFERROR((VLOOKUP(AR18,'Food List'!$C:$H,4,FALSE))*AT18,"")) | AW18: =IF(ISBLANK(AT18),"",IFERROR((VLOOKUP(AR18,'Food List'!$C:$H,5,FALSE))*AT18,"")) | AX18: =IF(ISBLANK(AT18),"",IFERROR((VLOOKUP(AR18,'Food List'!$C:$H,6,FALSE))*AT18,"")) | BC18: =IF(ISBLANK(BB18),"",IFERROR((VLOOKUP(BB18,'Food List'!$C:$H,2,FALSE)),"")) | BE18: =IF(ISBLANK(BD18),"",IFERROR((VLOOKUP(BB18,'Food List'!$C:$H,3,FALSE))*BD18,"")) | BF18: =IF(ISBLANK(BD18),"",IFERROR((VLOOKUP(BB18,'Food List'!$C:$H,4,FALSE))*BD18,"")) | BG18: =IF(ISBLANK(BD18),"",IFERROR((VLOOKUP(BB18,'Food List'!$C:$H,5,FALSE))*BD18,"")) | BH18: =IF(ISBLANK(BD18),"",IFERROR((VLOOKUP(BB18,'Food List'!$C:$H,6,FALSE))*BD18,"")) | BM18: =IF(ISBLANK(BL18),"",IFERROR((VLOOKUP(BL18,'Food List'!$C:$H,2,FALSE)),"")) | BO18: =IF(ISBLANK(BN18),"",IFERROR((VLOOKUP(BL18,'Food List'!$C:$H,3,FALSE))*BN18,"")) | BP18: =IF(ISBLANK(BN18),"",IFERROR((VLOOKUP(BL18,'Food List'!$C:$H,4,FALSE))*BN18,"")) | BQ18: =IF(ISBLANK(BN18),"",IFERROR((VLOOKUP(BL18,'Food List'!$C:$H,5,FALSE))*BN18,"")) | BR18: =IF(ISBLANK(BN18),"",IFERROR((VLOOKUP(BL18,'Food List'!$C:$H,6,FALSE))*BN18,""))
D19: MEAL TOTAL | G19: =IFERROR(SUM(G13:G18),0) -> 320.1 | H19: =IFERROR(SUM(H13:H18),0) -> 34.72 | I19: =IFERROR(SUM(I13:I18),0) -> 43.7 | J19: =IFERROR(SUM(J13:J18),0) -> 0.6 | N19: MEAL TOTAL | Q19: =IFERROR(SUM(Q13:Q18),0) -> 474.5 | R19: =IFERROR(SUM(R13:R18),0) -> 19.8 | S19: =IFERROR(SUM(S13:S18),0) -> 29.7 | T19: =IFERROR(SUM(T13:T18),0) -> 30 | X19: MEAL TOTAL | AA19: =IFERROR(SUM(AA13:AA18),0) -> 354 | AB19: =IFERROR(SUM(AB13:AB18),0) -> 24.7 | AC19: =IFERROR(SUM(AC13:AC18),0) -> 45.2 | AD19: =IFERROR(SUM(AD13:AD18),0) -> 7.4 | AH19: MEAL TOTAL | AK19: =IFERROR(SUM(AK13:AK18),0) -> 0 | AL19: =IFERROR(SUM(AL13:AL18),0) -> 0 | AM19: =IFERROR(SUM(AM13:AM18),0) -> 0 | AN19: =IFERROR(SUM(AN13:AN18),0) -> 0 | AR19: MEAL TOTAL | AU19: =IFERROR(SUM(AU13:AU18),0) -> 0 | AV19: =IFERROR(SUM(AV13:AV18),0) -> 0 | AW19: =IFERROR(SUM(AW13:AW18),0) -> 0 | AX19: =IFERROR(SUM(AX13:AX18),0) -> 0 | BB19: MEAL TOTAL | BE19: =IFERROR(SUM(BE13:BE18),0) -> 0 | BF19: =IFERROR(SUM(BF13:BF18),0) -> 0 | BG19: =IFERROR(SUM(BG13:BG18),0) -> 0 | BH19: =IFERROR(SUM(BH13:BH18),0) -> 0 | BL19: MEAL TOTAL | BO19: =IFERROR(SUM(BO13:BO18),0) -> 0 | BP19: =IFERROR(SUM(BP13:BP18),0) -> 0 | BQ19: =IFERROR(SUM(BQ13:BQ18),0) -> 0 | BR19: =IFERROR(SUM(BR13:BR18),0) -> 0
B21: M2 | D21: White Sourdough Bread | E21: =IF(ISBLANK(D21),"",IFERROR((VLOOKUP(D21,'Food List'!$C:$H,2,FALSE)),"")) -> 100g | F21: 1 | G21: =IF(ISBLANK(F21),"",IFERROR((VLOOKUP(D21,'Food List'!$C:$H,3,FALSE))*F21,"")) -> 279 | H21: =IF(ISBLANK(F21),"",IFERROR((VLOOKUP(D21,'Food List'!$C:$H,4,FALSE))*F21,"")) -> 11.8 | I21: =IF(ISBLANK(F21),"",IFERROR((VLOOKUP(D21,'Food List'!$C:$H,5,FALSE))*F21,"")) -> 54 | J21: =IF(ISBLANK(F21),"",IFERROR((VLOOKUP(D21,'Food List'!$C:$H,6,FALSE))*F21,"")) -> 1.8 | L21: M2 | N21: Lean Beef Mince (Raw) | O21: =IF(ISBLANK(N21),"",IFERROR((VLOOKUP(N21,'Food List'!$C:$H,2,FALSE)),"")) -> 100g | P21: 2 | Q21: =IF(ISBLANK(P21),"",IFERROR((VLOOKUP(N21,'Food List'!$C:$H,3,FALSE))*P21,"")) -> 250 | R21: =IF(ISBLANK(P21),"",IFERROR((VLOOKUP(N21,'Food List'!$C:$H,4,FALSE))*P21,"")) -> 43.8 | S21: =IF(ISBLANK(P21),"",IFERROR((VLOOKUP(N21,'Food List'!$C:$H,5,FALSE))*P21,"")) -> 0 | T21: =IF(ISBLANK(P21),"",IFERROR((VLOOKUP(N21,'Food List'!$C:$H,6,FALSE))*P21,"")) -> 8.4 | V21: M2 | X21: Chicken Breast (Raw) | Y21: =IF(ISBLANK(X21),"",IFERROR((VLOOKUP(X21,'Food List'!$C:$H,2,FALSE)),"")) -> 100g | Z21: 2 | AA21: =IF(ISBLANK(Z21),"",IFERROR((VLOOKUP(X21,'Food List'!$C:$H,3,FALSE))*Z21,"")) -> 212 | AB21: =IF(ISBLANK(Z21),"",IFERROR((VLOOKUP(X21,'Food List'!$C:$H,4,FALSE))*Z21,"")) -> 48 | AC21: =IF(ISBLANK(Z21),"",IFERROR((VLOOKUP(X21,'Food List'!$C:$H,5,FALSE))*Z21,"")) -> 0 | AD21: =IF(ISBLANK(Z21),"",IFERROR((VLOOKUP(X21,'Food List'!$C:$H,6,FALSE))*Z21,"")) -> 2.2 | AF21: M2 | AI21: =IF(ISBLANK(AH21),"",IFERROR((VLOOKUP(AH21,'Food List'!$C:$H,2,FALSE)),"")) | AK21: =IF(ISBLANK(AJ21),"",IFERROR((VLOOKUP(AH21,'Food List'!$C:$H,3,FALSE))*AJ21,"")) | AL21: =IF(ISBLANK(AJ21),"",IFERROR((VLOOKUP(AH21,'Food List'!$C:$H,4,FALSE))*AJ21,"")) | AM21: =IF(ISBLANK(AJ21),"",IFERROR((VLOOKUP(AH21,'Food List'!$C:$H,5,FALSE))*AJ21,"")) | AN21: =IF(ISBLANK(AJ21),"",IFERROR((VLOOKUP(AH21,'Food List'!$C:$H,6,FALSE))*AJ21,"")) | AP21: M2 | AS21: =IF(ISBLANK(AR21),"",IFERROR((VLOOKUP(AR21,'Food List'!$C:$H,2,FALSE)),"")) | AU21: =IF(ISBLANK(AT21),"",IFERROR((VLOOKUP(AR21,'Food List'!$C:$H,3,FALSE))*AT21,"")) | AV21: =IF(ISBLANK(AT21),"",IFERROR((VLOOKUP(AR21,'Food List'!$C:$H,4,FALSE))*AT21,"")) | AW21: =IF(ISBLANK(AT21),"",IFERROR((VLOOKUP(AR21,'Food List'!$C:$H,5,FALSE))*AT21,"")) | AX21: =IF(ISBLANK(AT21),"",IFERROR((VLOOKUP(AR21,'Food List'!$C:$H,6,FALSE))*AT21,"")) | AZ21: M2 | BC21: =IF(ISBLANK(BB21),"",IFERROR((VLOOKUP(BB21,'Food List'!$C:$H,2,FALSE)),"")) | BE21: =IF(ISBLANK(BD21),"",IFERROR((VLOOKUP(BB21,'Food List'!$C:$H,3,FALSE))*BD21,"")) | BF21: =IF(ISBLANK(BD21),"",IFERROR((VLOOKUP(BB21,'Food List'!$C:$H,4,FALSE))*BD21,"")) | BG21: =IF(ISBLANK(BD21),"",IFERROR((VLOOKUP(BB21,'Food List'!$C:$H,5,FALSE))*BD21,"")) | BH21: =IF(ISBLANK(BD21),"",IFERROR((VLOOKUP(BB21,'Food List'!$C:$H,6,FALSE))*BD21,"")) | BJ21: M2 | BM21: =IF(ISBLANK(BL21),"",IFERROR((VLOOKUP(BL21,'Food List'!$C:$H,2,FALSE)),"")) | BO21: =IF(ISBLANK(BN21),"",IFERROR((VLOOKUP(BL21,'Food List'!$C:$H,3,FALSE))*BN21,"")) | BP21: =IF(ISBLANK(BN21),"",IFERROR((VLOOKUP(BL21,'Food List'!$C:$H,4,FALSE))*BN21,"")) | BQ21: =IF(ISBLANK(BN21),"",IFERROR((VLOOKUP(BL21,'Food List'!$C:$H,5,FALSE))*BN21,"")) | BR21: =IF(ISBLANK(BN21),"",IFERROR((VLOOKUP(BL21,'Food List'!$C:$H,6,FALSE))*BN21,""))
D22: Chicken Breast (Raw) | E22: =IF(ISBLANK(D22),"",IFERROR((VLOOKUP(D22,'Food List'!$C:$H,2,FALSE)),"")) -> 100g | F22: 1 | G22: =IF(ISBLANK(F22),"",IFERROR((VLOOKUP(D22,'Food List'!$C:$H,3,FALSE))*F22,"")) -> 106 | H22: =IF(ISBLANK(F22),"",IFERROR((VLOOKUP(D22,'Food List'!$C:$H,4,FALSE))*F22,"")) -> 24 | I22: =IF(ISBLANK(F22),"",IFERROR((VLOOKUP(D22,'Food List'!$C:$H,5,FALSE))*F22,"")) -> 0 | J22: =IF(ISBLANK(F22),"",IFERROR((VLOOKUP(D22,'Food List'!$C:$H,6,FALSE))*F22,"")) -> 1.1 | N22: Jasmine Rice | O22: =IF(ISBLANK(N22),"",IFERROR((VLOOKUP(N22,'Food List'!$C:$H,2,FALSE)),"")) -> 100g | P22: 0.5 | Q22: =IF(ISBLANK(P22),"",IFERROR((VLOOKUP(N22,'Food List'!$C:$H,3,FALSE))*P22,"")) -> 174.5 | R22: =IF(ISBLANK(P22),"",IFERROR((VLOOKUP(N22,'Food List'!$C:$H,4,FALSE))*P22,"")) -> 3.75 | S22: =IF(ISBLANK(P22),"",IFERROR((VLOOKUP(N22,'Food List'!$C:$H,5,FALSE))*P22,"")) -> 39 | T22: =IF(ISBLANK(P22),"",IFERROR((VLOOKUP(N22,'Food List'!$C:$H,6,FALSE))*P22,"")) -> 0.35 | X22: Country Mix Vegetables | Y22: =IF(ISBLANK(X22),"",IFERROR((VLOOKUP(X22,'Food List'!$C:$H,2,FALSE)),"")) -> 100g | Z22: 1 | AA22: =IF(ISBLANK(Z22),"",IFERROR((VLOOKUP(X22,'Food List'!$C:$H,3,FALSE))*Z22,"")) -> 36 | AB22: =IF(ISBLANK(Z22),"",IFERROR((VLOOKUP(X22,'Food List'!$C:$H,4,FALSE))*Z22,"")) -> 2.7 | AC22: =IF(ISBLANK(Z22),"",IFERROR((VLOOKUP(X22,'Food List'!$C:$H,5,FALSE))*Z22,"")) -> 4.9 | AD22: =IF(ISBLANK(Z22),"",IFERROR((VLOOKUP(X22,'Food List'!$C:$H,6,FALSE))*Z22,"")) -> 0.6 | AI22: =IF(ISBLANK(AH22),"",IFERROR((VLOOKUP(AH22,'Food List'!$C:$H,2,FALSE)),"")) | AK22: =IF(ISBLANK(AJ22),"",IFERROR((VLOOKUP(AH22,'Food List'!$C:$H,3,FALSE))*AJ22,"")) | AL22: =IF(ISBLANK(AJ22),"",IFERROR((VLOOKUP(AH22,'Food List'!$C:$H,4,FALSE))*AJ22,"")) | AM22: =IF(ISBLANK(AJ22),"",IFERROR((VLOOKUP(AH22,'Food List'!$C:$H,5,FALSE))*AJ22,"")) | AN22: =IF(ISBLANK(AJ22),"",IFERROR((VLOOKUP(AH22,'Food List'!$C:$H,6,FALSE))*AJ22,"")) | AS22: =IF(ISBLANK(AR22),"",IFERROR((VLOOKUP(AR22,'Food List'!$C:$H,2,FALSE)),"")) | AU22: =IF(ISBLANK(AT22),"",IFERROR((VLOOKUP(AR22,'Food List'!$C:$H,3,FALSE))*AT22,"")) | AV22: =IF(ISBLANK(AT22),"",IFERROR((VLOOKUP(AR22,'Food List'!$C:$H,4,FALSE))*AT22,"")) | AW22: =IF(ISBLANK(AT22),"",IFERROR((VLOOKUP(AR22,'Food List'!$C:$H,5,FALSE))*AT22,"")) | AX22: =IF(ISBLANK(AT22),"",IFERROR((VLOOKUP(AR22,'Food List'!$C:$H,6,FALSE))*AT22,"")) | BC22: =IF(ISBLANK(BB22),"",IFERROR((VLOOKUP(BB22,'Food List'!$C:$H,2,FALSE)),"")) | BE22: =IF(ISBLANK(BD22),"",IFERROR((VLOOKUP(BB22,'Food List'!$C:$H,3,FALSE))*BD22,"")) | BF22: =IF(ISBLANK(BD22),"",IFERROR((VLOOKUP(BB22,'Food List'!$C:$H,4,FALSE))*BD22,"")) | BG22: =IF(ISBLANK(BD22),"",IFERROR((VLOOKUP(BB22,'Food List'!$C:$H,5,FALSE))*BD22,"")) | BH22: =IF(ISBLANK(BD22),"",IFERROR((VLOOKUP(BB22,'Food List'!$C:$H,6,FALSE))*BD22,"")) | BM22: =IF(ISBLANK(BL22),"",IFERROR((VLOOKUP(BL22,'Food List'!$C:$H,2,FALSE)),"")) | BO22: =IF(ISBLANK(BN22),"",IFERROR((VLOOKUP(BL22,'Food List'!$C:$H,3,FALSE))*BN22,"")) | BP22: =IF(ISBLANK(BN22),"",IFERROR((VLOOKUP(BL22,'Food List'!$C:$H,4,FALSE))*BN22,"")) | BQ22: =IF(ISBLANK(BN22),"",IFERROR((VLOOKUP(BL22,'Food List'!$C:$H,5,FALSE))*BN22,"")) | BR22: =IF(ISBLANK(BN22),"",IFERROR((VLOOKUP(BL22,'Food List'!$C:$H,6,FALSE))*BN22,""))
D23: Cheese | E23: =IF(ISBLANK(D23),"",IFERROR((VLOOKUP(D23,'Food List'!$C:$H,2,FALSE)),"")) -> 100g | F23: 0.5 | G23: =IF(ISBLANK(F23),"",IFERROR((VLOOKUP(D23,'Food List'!$C:$H,3,FALSE))*F23,"")) -> 208 | H23: =IF(ISBLANK(F23),"",IFERROR((VLOOKUP(D23,'Food List'!$C:$H,4,FALSE))*F23,"")) -> 12.7 | I23: =IF(ISBLANK(F23),"",IFERROR((VLOOKUP(D23,'Food List'!$C:$H,5,FALSE))*F23,"")) -> 0.05 | J23: =IF(ISBLANK(F23),"",IFERROR((VLOOKUP(D23,'Food List'!$C:$H,6,FALSE))*F23,"")) -> 17.45 | N23: Country Mix Vegetables | O23: =IF(ISBLANK(N23),"",IFERROR((VLOOKUP(N23,'Food List'!$C:$H,2,FALSE)),"")) -> 100g | P23: 1 | Q23: =IF(ISBLANK(P23),"",IFERROR((VLOOKUP(N23,'Food List'!$C:$H,3,FALSE))*P23,"")) -> 36 | R23: =IF(ISBLANK(P23),"",IFERROR((VLOOKUP(N23,'Food List'!$C:$H,4,FALSE))*P23,"")) -> 2.7 | S23: =IF(ISBLANK(P23),"",IFERROR((VLOOKUP(N23,'Food List'!$C:$H,5,FALSE))*P23,"")) -> 4.9 | T23: =IF(ISBLANK(P23),"",IFERROR((VLOOKUP(N23,'Food List'!$C:$H,6,FALSE))*P23,"")) -> 0.6 | Y23: =IF(ISBLANK(X23),"",IFERROR((VLOOKUP(X23,'Food List'!$C:$H,2,FALSE)),"")) | AA23: =IF(ISBLANK(Z23),"",IFERROR((VLOOKUP(X23,'Food List'!$C:$H,3,FALSE))*Z23,"")) | AB23: =IF(ISBLANK(Z23),"",IFERROR((VLOOKUP(X23,'Food List'!$C:$H,4,FALSE))*Z23,"")) | AC23: =IF(ISBLANK(Z23),"",IFERROR((VLOOKUP(X23,'Food List'!$C:$H,5,FALSE))*Z23,"")) | AD23: =IF(ISBLANK(Z23),"",IFERROR((VLOOKUP(X23,'Food List'!$C:$H,6,FALSE))*Z23,"")) | AI23: =IF(ISBLANK(AH23),"",IFERROR((VLOOKUP(AH23,'Food List'!$C:$H,2,FALSE)),"")) | AK23: =IF(ISBLANK(AJ23),"",IFERROR((VLOOKUP(AH23,'Food List'!$C:$H,3,FALSE))*AJ23,"")) | AL23: =IF(ISBLANK(AJ23),"",IFERROR((VLOOKUP(AH23,'Food List'!$C:$H,4,FALSE))*AJ23,"")) | AM23: =IF(ISBLANK(AJ23),"",IFERROR((VLOOKUP(AH23,'Food List'!$C:$H,5,FALSE))*AJ23,"")) | AN23: =IF(ISBLANK(AJ23),"",IFERROR((VLOOKUP(AH23,'Food List'!$C:$H,6,FALSE))*AJ23,"")) | AS23: =IF(ISBLANK(AR23),"",IFERROR((VLOOKUP(AR23,'Food List'!$C:$H,2,FALSE)),"")) | AU23: =IF(ISBLANK(AT23),"",IFERROR((VLOOKUP(AR23,'Food List'!$C:$H,3,FALSE))*AT23,"")) | AV23: =IF(ISBLANK(AT23),"",IFERROR((VLOOKUP(AR23,'Food List'!$C:$H,4,FALSE))*AT23,"")) | AW23: =IF(ISBLANK(AT23),"",IFERROR((VLOOKUP(AR23,'Food List'!$C:$H,5,FALSE))*AT23,"")) | AX23: =IF(ISBLANK(AT23),"",IFERROR((VLOOKUP(AR23,'Food List'!$C:$H,6,FALSE))*AT23,"")) | BC23: =IF(ISBLANK(BB23),"",IFERROR((VLOOKUP(BB23,'Food List'!$C:$H,2,FALSE)),"")) | BE23: =IF(ISBLANK(BD23),"",IFERROR((VLOOKUP(BB23,'Food List'!$C:$H,3,FALSE))*BD23,"")) | BF23: =IF(ISBLANK(BD23),"",IFERROR((VLOOKUP(BB23,'Food List'!$C:$H,4,FALSE))*BD23,"")) | BG23: =IF(ISBLANK(BD23),"",IFERROR((VLOOKUP(BB23,'Food List'!$C:$H,5,FALSE))*BD23,"")) | BH23: =IF(ISBLANK(BD23),"",IFERROR((VLOOKUP(BB23,'Food List'!$C:$H,6,FALSE))*BD23,"")) | BM23: =IF(ISBLANK(BL23),"",IFERROR((VLOOKUP(BL23,'Food List'!$C:$H,2,FALSE)),"")) | BO23: =IF(ISBLANK(BN23),"",IFERROR((VLOOKUP(BL23,'Food List'!$C:$H,3,FALSE))*BN23,"")) | BP23: =IF(ISBLANK(BN23),"",IFERROR((VLOOKUP(BL23,'Food List'!$C:$H,4,FALSE))*BN23,"")) | BQ23: =IF(ISBLANK(BN23),"",IFERROR((VLOOKUP(BL23,'Food List'!$C:$H,5,FALSE))*BN23,"")) | BR23: =IF(ISBLANK(BN23),"",IFERROR((VLOOKUP(BL23,'Food List'!$C:$H,6,FALSE))*BN23,""))
E24: =IF(ISBLANK(D24),"",IFERROR((VLOOKUP(D24,'Food List'!$C:$H,2,FALSE)),"")) | G24: =IF(ISBLANK(F24),"",IFERROR((VLOOKUP(D24,'Food List'!$C:$H,3,FALSE))*F24,"")) | H24: =IF(ISBLANK(F24),"",IFERROR((VLOOKUP(D24,'Food List'!$C:$H,4,FALSE))*F24,"")) | I24: =IF(ISBLANK(F24),"",IFERROR((VLOOKUP(D24,'Food List'!$C:$H,5,FALSE))*F24,"")) | J24: =IF(ISBLANK(F24),"",IFERROR((VLOOKUP(D24,'Food List'!$C:$H,6,FALSE))*F24,"")) | O24: =IF(ISBLANK(N24),"",IFERROR((VLOOKUP(N24,'Food List'!$C:$H,2,FALSE)),"")) | Q24: =IF(ISBLANK(P24),"",IFERROR((VLOOKUP(N24,'Food List'!$C:$H,3,FALSE))*P24,"")) | R24: =IF(ISBLANK(P24),"",IFERROR((VLOOKUP(N24,'Food List'!$C:$H,4,FALSE))*P24,"")) | S24: =IF(ISBLANK(P24),"",IFERROR((VLOOKUP(N24,'Food List'!$C:$H,5,FALSE))*P24,"")) | T24: =IF(ISBLANK(P24),"",IFERROR((VLOOKUP(N24,'Food List'!$C:$H,6,FALSE))*P24,"")) | Y24: =IF(ISBLANK(X24),"",IFERROR((VLOOKUP(X24,'Food List'!$C:$H,2,FALSE)),"")) | AA24: =IF(ISBLANK(Z24),"",IFERROR((VLOOKUP(X24,'Food List'!$C:$H,3,FALSE))*Z24,"")) | AB24: =IF(ISBLANK(Z24),"",IFERROR((VLOOKUP(X24,'Food List'!$C:$H,4,FALSE))*Z24,"")) | AC24: =IF(ISBLANK(Z24),"",IFERROR((VLOOKUP(X24,'Food List'!$C:$H,5,FALSE))*Z24,"")) | AD24: =IF(ISBLANK(Z24),"",IFERROR((VLOOKUP(X24,'Food List'!$C:$H,6,FALSE))*Z24,"")) | AI24: =IF(ISBLANK(AH24),"",IFERROR((VLOOKUP(AH24,'Food List'!$C:$H,2,FALSE)),"")) | AK24: =IF(ISBLANK(AJ24),"",IFERROR((VLOOKUP(AH24,'Food List'!$C:$H,3,FALSE))*AJ24,"")) | AL24: =IF(ISBLANK(AJ24),"",IFERROR((VLOOKUP(AH24,'Food List'!$C:$H,4,FALSE))*AJ24,"")) | AM24: =IF(ISBLANK(AJ24),"",IFERROR((VLOOKUP(AH24,'Food List'!$C:$H,5,FALSE))*AJ24,"")) | AN24: =IF(ISBLANK(AJ24),"",IFERROR((VLOOKUP(AH24,'Food List'!$C:$H,6,FALSE))*AJ24,"")) | AS24: =IF(ISBLANK(AR24),"",IFERROR((VLOOKUP(AR24,'Food List'!$C:$H,2,FALSE)),"")) | AU24: =IF(ISBLANK(AT24),"",IFERROR((VLOOKUP(AR24,'Food List'!$C:$H,3,FALSE))*AT24,"")) | AV24: =IF(ISBLANK(AT24),"",IFERROR((VLOOKUP(AR24,'Food List'!$C:$H,4,FALSE))*AT24,"")) | AW24: =IF(ISBLANK(AT24),"",IFERROR((VLOOKUP(AR24,'Food List'!$C:$H,5,FALSE))*AT24,"")) | AX24: =IF(ISBLANK(AT24),"",IFERROR((VLOOKUP(AR24,'Food List'!$C:$H,6,FALSE))*AT24,"")) | BC24: =IF(ISBLANK(BB24),"",IFERROR((VLOOKUP(BB24,'Food List'!$C:$H,2,FALSE)),"")) | BE24: =IF(ISBLANK(BD24),"",IFERROR((VLOOKUP(BB24,'Food List'!$C:$H,3,FALSE))*BD24,"")) | BF24: =IF(ISBLANK(BD24),"",IFERROR((VLOOKUP(BB24,'Food List'!$C:$H,4,FALSE))*BD24,"")) | BG24: =IF(ISBLANK(BD24),"",IFERROR((VLOOKUP(BB24,'Food List'!$C:$H,5,FALSE))*BD24,"")) | BH24: =IF(ISBLANK(BD24),"",IFERROR((VLOOKUP(BB24,'Food List'!$C:$H,6,FALSE))*BD24,"")) | BM24: =IF(ISBLANK(BL24),"",IFERROR((VLOOKUP(BL24,'Food List'!$C:$H,2,FALSE)),"")) | BO24: =IF(ISBLANK(BN24),"",IFERROR((VLOOKUP(BL24,'Food List'!$C:$H,3,FALSE))*BN24,"")) | BP24: =IF(ISBLANK(BN24),"",IFERROR((VLOOKUP(BL24,'Food List'!$C:$H,4,FALSE))*BN24,"")) | BQ24: =IF(ISBLANK(BN24),"",IFERROR((VLOOKUP(BL24,'Food List'!$C:$H,5,FALSE))*BN24,"")) | BR24: =IF(ISBLANK(BN24),"",IFERROR((VLOOKUP(BL24,'Food List'!$C:$H,6,FALSE))*BN24,""))
E25: =IF(ISBLANK(D25),"",IFERROR((VLOOKUP(D25,'Food List'!$C:$H,2,FALSE)),"")) | G25: =IF(ISBLANK(F25),"",IFERROR((VLOOKUP(D25,'Food List'!$C:$H,3,FALSE))*F25,"")) | H25: =IF(ISBLANK(F25),"",IFERROR((VLOOKUP(D25,'Food List'!$C:$H,4,FALSE))*F25,"")) | I25: =IF(ISBLANK(F25),"",IFERROR((VLOOKUP(D25,'Food List'!$C:$H,5,FALSE))*F25,"")) | J25: =IF(ISBLANK(F25),"",IFERROR((VLOOKUP(D25,'Food List'!$C:$H,6,FALSE))*F25,"")) | O25: =IF(ISBLANK(N25),"",IFERROR((VLOOKUP(N25,'Food List'!$C:$H,2,FALSE)),"")) | Q25: =IF(ISBLANK(P25),"",IFERROR((VLOOKUP(N25,'Food List'!$C:$H,3,FALSE))*P25,"")) | R25: =IF(ISBLANK(P25),"",IFERROR((VLOOKUP(N25,'Food List'!$C:$H,4,FALSE))*P25,"")) | S25: =IF(ISBLANK(P25),"",IFERROR((VLOOKUP(N25,'Food List'!$C:$H,5,FALSE))*P25,"")) | T25: =IF(ISBLANK(P25),"",IFERROR((VLOOKUP(N25,'Food List'!$C:$H,6,FALSE))*P25,"")) | Y25: =IF(ISBLANK(X25),"",IFERROR((VLOOKUP(X25,'Food List'!$C:$H,2,FALSE)),"")) | AA25: =IF(ISBLANK(Z25),"",IFERROR((VLOOKUP(X25,'Food List'!$C:$H,3,FALSE))*Z25,"")) | AB25: =IF(ISBLANK(Z25),"",IFERROR((VLOOKUP(X25,'Food List'!$C:$H,4,FALSE))*Z25,"")) | AC25: =IF(ISBLANK(Z25),"",IFERROR((VLOOKUP(X25,'Food List'!$C:$H,5,FALSE))*Z25,"")) | AD25: =IF(ISBLANK(Z25),"",IFERROR((VLOOKUP(X25,'Food List'!$C:$H,6,FALSE))*Z25,"")) | AI25: =IF(ISBLANK(AH25),"",IFERROR((VLOOKUP(AH25,'Food List'!$C:$H,2,FALSE)),"")) | AK25: =IF(ISBLANK(AJ25),"",IFERROR((VLOOKUP(AH25,'Food List'!$C:$H,3,FALSE))*AJ25,"")) | AL25: =IF(ISBLANK(AJ25),"",IFERROR((VLOOKUP(AH25,'Food List'!$C:$H,4,FALSE))*AJ25,"")) | AM25: =IF(ISBLANK(AJ25),"",IFERROR((VLOOKUP(AH25,'Food List'!$C:$H,5,FALSE))*AJ25,"")) | AN25: =IF(ISBLANK(AJ25),"",IFERROR((VLOOKUP(AH25,'Food List'!$C:$H,6,FALSE))*AJ25,"")) | AS25: =IF(ISBLANK(AR25),"",IFERROR((VLOOKUP(AR25,'Food List'!$C:$H,2,FALSE)),"")) | AU25: =IF(ISBLANK(AT25),"",IFERROR((VLOOKUP(AR25,'Food List'!$C:$H,3,FALSE))*AT25,"")) | AV25: =IF(ISBLANK(AT25),"",IFERROR((VLOOKUP(AR25,'Food List'!$C:$H,4,FALSE))*AT25,"")) | AW25: =IF(ISBLANK(AT25),"",IFERROR((VLOOKUP(AR25,'Food List'!$C:$H,5,FALSE))*AT25,"")) | AX25: =IF(ISBLANK(AT25),"",IFERROR((VLOOKUP(AR25,'Food List'!$C:$H,6,FALSE))*AT25,"")) | BC25: =IF(ISBLANK(BB25),"",IFERROR((VLOOKUP(BB25,'Food List'!$C:$H,2,FALSE)),"")) | BE25: =IF(ISBLANK(BD25),"",IFERROR((VLOOKUP(BB25,'Food List'!$C:$H,3,FALSE))*BD25,"")) | BF25: =IF(ISBLANK(BD25),"",IFERROR((VLOOKUP(BB25,'Food List'!$C:$H,4,FALSE))*BD25,"")) | BG25: =IF(ISBLANK(BD25),"",IFERROR((VLOOKUP(BB25,'Food List'!$C:$H,5,FALSE))*BD25,"")) | BH25: =IF(ISBLANK(BD25),"",IFERROR((VLOOKUP(BB25,'Food List'!$C:$H,6,FALSE))*BD25,"")) | BM25: =IF(ISBLANK(BL25),"",IFERROR((VLOOKUP(BL25,'Food List'!$C:$H,2,FALSE)),"")) | BO25: =IF(ISBLANK(BN25),"",IFERROR((VLOOKUP(BL25,'Food List'!$C:$H,3,FALSE))*BN25,"")) | BP25: =IF(ISBLANK(BN25),"",IFERROR((VLOOKUP(BL25,'Food List'!$C:$H,4,FALSE))*BN25,"")) | BQ25: =IF(ISBLANK(BN25),"",IFERROR((VLOOKUP(BL25,'Food List'!$C:$H,5,FALSE))*BN25,"")) | BR25: =IF(ISBLANK(BN25),"",IFERROR((VLOOKUP(BL25,'Food List'!$C:$H,6,FALSE))*BN25,""))
E26: =IF(ISBLANK(D26),"",IFERROR((VLOOKUP(D26,'Food List'!$C:$H,2,FALSE)),"")) | G26: =IF(ISBLANK(F26),"",IFERROR((VLOOKUP(D26,'Food List'!$C:$H,3,FALSE))*F26,"")) | H26: =IF(ISBLANK(F26),"",IFERROR((VLOOKUP(D26,'Food List'!$C:$H,4,FALSE))*F26,"")) | I26: =IF(ISBLANK(F26),"",IFERROR((VLOOKUP(D26,'Food List'!$C:$H,5,FALSE))*F26,"")) | J26: =IF(ISBLANK(F26),"",IFERROR((VLOOKUP(D26,'Food List'!$C:$H,6,FALSE))*F26,"")) | O26: =IF(ISBLANK(N26),"",IFERROR((VLOOKUP(N26,'Food List'!$C:$H,2,FALSE)),"")) | Q26: =IF(ISBLANK(P26),"",IFERROR((VLOOKUP(N26,'Food List'!$C:$H,3,FALSE))*P26,"")) | R26: =IF(ISBLANK(P26),"",IFERROR((VLOOKUP(N26,'Food List'!$C:$H,4,FALSE))*P26,"")) | S26: =IF(ISBLANK(P26),"",IFERROR((VLOOKUP(N26,'Food List'!$C:$H,5,FALSE))*P26,"")) | T26: =IF(ISBLANK(P26),"",IFERROR((VLOOKUP(N26,'Food List'!$C:$H,6,FALSE))*P26,"")) | Y26: =IF(ISBLANK(X26),"",IFERROR((VLOOKUP(X26,'Food List'!$C:$H,2,FALSE)),"")) | AA26: =IF(ISBLANK(Z26),"",IFERROR((VLOOKUP(X26,'Food List'!$C:$H,3,FALSE))*Z26,"")) | AB26: =IF(ISBLANK(Z26),"",IFERROR((VLOOKUP(X26,'Food List'!$C:$H,4,FALSE))*Z26,"")) | AC26: =IF(ISBLANK(Z26),"",IFERROR((VLOOKUP(X26,'Food List'!$C:$H,5,FALSE))*Z26,"")) | AD26: =IF(ISBLANK(Z26),"",IFERROR((VLOOKUP(X26,'Food List'!$C:$H,6,FALSE))*Z26,"")) | AI26: =IF(ISBLANK(AH26),"",IFERROR((VLOOKUP(AH26,'Food List'!$C:$H,2,FALSE)),"")) | AK26: =IF(ISBLANK(AJ26),"",IFERROR((VLOOKUP(AH26,'Food List'!$C:$H,3,FALSE))*AJ26,"")) | AL26: =IF(ISBLANK(AJ26),"",IFERROR((VLOOKUP(AH26,'Food List'!$C:$H,4,FALSE))*AJ26,"")) | AM26: =IF(ISBLANK(AJ26),"",IFERROR((VLOOKUP(AH26,'Food List'!$C:$H,5,FALSE))*AJ26,"")) | AN26: =IF(ISBLANK(AJ26),"",IFERROR((VLOOKUP(AH26,'Food List'!$C:$H,6,FALSE))*AJ26,"")) | AS26: =IF(ISBLANK(AR26),"",IFERROR((VLOOKUP(AR26,'Food List'!$C:$H,2,FALSE)),"")) | AU26: =IF(ISBLANK(AT26),"",IFERROR((VLOOKUP(AR26,'Food List'!$C:$H,3,FALSE))*AT26,"")) | AV26: =IF(ISBLANK(AT26),"",IFERROR((VLOOKUP(AR26,'Food List'!$C:$H,4,FALSE))*AT26,"")) | AW26: =IF(ISBLANK(AT26),"",IFERROR((VLOOKUP(AR26,'Food List'!$C:$H,5,FALSE))*AT26,"")) | AX26: =IF(ISBLANK(AT26),"",IFERROR((VLOOKUP(AR26,'Food List'!$C:$H,6,FALSE))*AT26,"")) | BC26: =IF(ISBLANK(BB26),"",IFERROR((VLOOKUP(BB26,'Food List'!$C:$H,2,FALSE)),"")) | BE26: =IF(ISBLANK(BD26),"",IFERROR((VLOOKUP(BB26,'Food List'!$C:$H,3,FALSE))*BD26,"")) | BF26: =IF(ISBLANK(BD26),"",IFERROR((VLOOKUP(BB26,'Food List'!$C:$H,4,FALSE))*BD26,"")) | BG26: =IF(ISBLANK(BD26),"",IFERROR((VLOOKUP(BB26,'Food List'!$C:$H,5,FALSE))*BD26,"")) | BH26: =IF(ISBLANK(BD26),"",IFERROR((VLOOKUP(BB26,'Food List'!$C:$H,6,FALSE))*BD26,"")) | BM26: =IF(ISBLANK(BL26),"",IFERROR((VLOOKUP(BL26,'Food List'!$C:$H,2,FALSE)),"")) | BO26: =IF(ISBLANK(BN26),"",IFERROR((VLOOKUP(BL26,'Food List'!$C:$H,3,FALSE))*BN26,"")) | BP26: =IF(ISBLANK(BN26),"",IFERROR((VLOOKUP(BL26,'Food List'!$C:$H,4,FALSE))*BN26,"")) | BQ26: =IF(ISBLANK(BN26),"",IFERROR((VLOOKUP(BL26,'Food List'!$C:$H,5,FALSE))*BN26,"")) | BR26: =IF(ISBLANK(BN26),"",IFERROR((VLOOKUP(BL26,'Food List'!$C:$H,6,FALSE))*BN26,""))
D27: MEAL TOTAL | G27: =IFERROR(SUM(G21:G26),0) -> 593 | H27: =IFERROR(SUM(H21:H26),0) -> 48.5 | I27: =IFERROR(SUM(I21:I26),0) -> 54.05 | J27: =IFERROR(SUM(J21:J26),0) -> 20.35 | N27: MEAL TOTAL | Q27: =IFERROR(SUM(Q21:Q26),0) -> 460.5 | R27: =IFERROR(SUM(R21:R26),0) -> 50.25 | S27: =IFERROR(SUM(S21:S26),0) -> 43.9 | T27: =IFERROR(SUM(T21:T26),0) -> 9.35 | X27: MEAL TOTAL | AA27: =IFERROR(SUM(AA21:AA26),0) -> 248 | AB27: =IFERROR(SUM(AB21:AB26),0) -> 50.7 | AC27: =IFERROR(SUM(AC21:AC26),0) -> 4.9 | AD27: =IFERROR(SUM(AD21:AD26),0) -> 2.8 | AH27: MEAL TOTAL | AK27: =IFERROR(SUM(AK21:AK26),0) -> 0 | AL27: =IFERROR(SUM(AL21:AL26),0) -> 0 | AM27: =IFERROR(SUM(AM21:AM26),0) -> 0 | AN27: =IFERROR(SUM(AN21:AN26),0) -> 0 | AR27: MEAL TOTAL | AU27: =IFERROR(SUM(AU21:AU26),0) -> 0 | AV27: =IFERROR(SUM(AV21:AV26),0) -> 0 | AW27: =IFERROR(SUM(AW21:AW26),0) -> 0 | AX27: =IFERROR(SUM(AX21:AX26),0) -> 0 | BB27: MEAL TOTAL | BE27: =IFERROR(SUM(BE21:BE26),0) -> 0 | BF27: =IFERROR(SUM(BF21:BF26),0) -> 0 | BG27: =IFERROR(SUM(BG21:BG26),0) -> 0 | BH27: =IFERROR(SUM(BH21:BH26),0) -> 0 | BL27: MEAL TOTAL | BO27: =IFERROR(SUM(BO21:BO26),0) -> 0 | BP27: =IFERROR(SUM(BP21:BP26),0) -> 0 | BQ27: =IFERROR(SUM(BQ21:BQ26),0) -> 0 | BR27: =IFERROR(SUM(BR21:BR26),0) -> 0
B29: M3 | D29: Fillet Steak (Raw) | E29: =IF(ISBLANK(D29),"",IFERROR((VLOOKUP(D29,'Food List'!$C:$H,2,FALSE)),"")) -> 100g | F29: 2 | G29: =IF(ISBLANK(F29),"",IFERROR((VLOOKUP(D29,'Food List'!$C:$H,3,FALSE))*F29,"")) -> 280 | H29: =IF(ISBLANK(F29),"",IFERROR((VLOOKUP(D29,'Food List'!$C:$H,4,FALSE))*F29,"")) -> 42.4 | I29: =IF(ISBLANK(F29),"",IFERROR((VLOOKUP(D29,'Food List'!$C:$H,5,FALSE))*F29,"")) -> 0 | J29: =IF(ISBLANK(F29),"",IFERROR((VLOOKUP(D29,'Food List'!$C:$H,6,FALSE))*F29,"")) -> 12.2 | L29: M3 | N29: Protein Bar | O29: =IF(ISBLANK(N29),"",IFERROR((VLOOKUP(N29,'Food List'!$C:$H,2,FALSE)),"")) -> 1 Bar | P29: 1 | Q29: =IF(ISBLANK(P29),"",IFERROR((VLOOKUP(N29,'Food List'!$C:$H,3,FALSE))*P29,"")) -> 200 | R29: =IF(ISBLANK(P29),"",IFERROR((VLOOKUP(N29,'Food List'!$C:$H,4,FALSE))*P29,"")) -> 20 | S29: =IF(ISBLANK(P29),"",IFERROR((VLOOKUP(N29,'Food List'!$C:$H,5,FALSE))*P29,"")) -> 20 | T29: =IF(ISBLANK(P29),"",IFERROR((VLOOKUP(N29,'Food List'!$C:$H,6,FALSE))*P29,"")) -> 5 | V29: M3 | X29: Greek Yoghurt (0%) | Y29: =IF(ISBLANK(X29),"",IFERROR((VLOOKUP(X29,'Food List'!$C:$H,2,FALSE)),"")) -> 100g | Z29: 3 | AA29: =IF(ISBLANK(Z29),"",IFERROR((VLOOKUP(X29,'Food List'!$C:$H,3,FALSE))*Z29,"")) -> 174 | AB29: =IF(ISBLANK(Z29),"",IFERROR((VLOOKUP(X29,'Food List'!$C:$H,4,FALSE))*Z29,"")) -> 31.8 | AC29: =IF(ISBLANK(Z29),"",IFERROR((VLOOKUP(X29,'Food List'!$C:$H,5,FALSE))*Z29,"")) -> 11.7 | AD29: =IF(ISBLANK(Z29),"",IFERROR((VLOOKUP(X29,'Food List'!$C:$H,6,FALSE))*Z29,"")) -> 0 | AF29: M3 | AI29: =IF(ISBLANK(AH29),"",IFERROR((VLOOKUP(AH29,'Food List'!$C:$H,2,FALSE)),"")) | AK29: =IF(ISBLANK(AJ29),"",IFERROR((VLOOKUP(AH29,'Food List'!$C:$H,3,FALSE))*AJ29,"")) | AL29: =IF(ISBLANK(AJ29),"",IFERROR((VLOOKUP(AH29,'Food List'!$C:$H,4,FALSE))*AJ29,"")) | AM29: =IF(ISBLANK(AJ29),"",IFERROR((VLOOKUP(AH29,'Food List'!$C:$H,5,FALSE))*AJ29,"")) | AN29: =IF(ISBLANK(AJ29),"",IFERROR((VLOOKUP(AH29,'Food List'!$C:$H,6,FALSE))*AJ29,"")) | AP29: M3 | AS29: =IF(ISBLANK(AR29),"",IFERROR((VLOOKUP(AR29,'Food List'!$C:$H,2,FALSE)),"")) | AU29: =IF(ISBLANK(AT29),"",IFERROR((VLOOKUP(AR29,'Food List'!$C:$H,3,FALSE))*AT29,"")) | AV29: =IF(ISBLANK(AT29),"",IFERROR((VLOOKUP(AR29,'Food List'!$C:$H,4,FALSE))*AT29,"")) | AW29: =IF(ISBLANK(AT29),"",IFERROR((VLOOKUP(AR29,'Food List'!$C:$H,5,FALSE))*AT29,"")) | AX29: =IF(ISBLANK(AT29),"",IFERROR((VLOOKUP(AR29,'Food List'!$C:$H,6,FALSE))*AT29,"")) | AZ29: M3 | BC29: =IF(ISBLANK(BB29),"",IFERROR((VLOOKUP(BB29,'Food List'!$C:$H,2,FALSE)),"")) | BE29: =IF(ISBLANK(BD29),"",IFERROR((VLOOKUP(BB29,'Food List'!$C:$H,3,FALSE))*BD29,"")) | BF29: =IF(ISBLANK(BD29),"",IFERROR((VLOOKUP(BB29,'Food List'!$C:$H,4,FALSE))*BD29,"")) | BG29: =IF(ISBLANK(BD29),"",IFERROR((VLOOKUP(BB29,'Food List'!$C:$H,5,FALSE))*BD29,"")) | BH29: =IF(ISBLANK(BD29),"",IFERROR((VLOOKUP(BB29,'Food List'!$C:$H,6,FALSE))*BD29,"")) | BJ29: M3 | BM29: =IF(ISBLANK(BL29),"",IFERROR((VLOOKUP(BL29,'Food List'!$C:$H,2,FALSE)),"")) | BO29: =IF(ISBLANK(BN29),"",IFERROR((VLOOKUP(BL29,'Food List'!$C:$H,3,FALSE))*BN29,"")) | BP29: =IF(ISBLANK(BN29),"",IFERROR((VLOOKUP(BL29,'Food List'!$C:$H,4,FALSE))*BN29,"")) | BQ29: =IF(ISBLANK(BN29),"",IFERROR((VLOOKUP(BL29,'Food List'!$C:$H,5,FALSE))*BN29,"")) | BR29: =IF(ISBLANK(BN29),"",IFERROR((VLOOKUP(BL29,'Food List'!$C:$H,6,FALSE))*BN29,""))
D30: White Potato | E30: =IF(ISBLANK(D30),"",IFERROR((VLOOKUP(D30,'Food List'!$C:$H,2,FALSE)),"")) -> 100g | F30: 3 | G30: =IF(ISBLANK(F30),"",IFERROR((VLOOKUP(D30,'Food List'!$C:$H,3,FALSE))*F30,"")) -> 240 | H30: =IF(ISBLANK(F30),"",IFERROR((VLOOKUP(D30,'Food List'!$C:$H,4,FALSE))*F30,"")) -> 5.7 | I30: =IF(ISBLANK(F30),"",IFERROR((VLOOKUP(D30,'Food List'!$C:$H,5,FALSE))*F30,"")) -> 53.7 | J30: =IF(ISBLANK(F30),"",IFERROR((VLOOKUP(D30,'Food List'!$C:$H,6,FALSE))*F30,"")) -> 0.3 | O30: =IF(ISBLANK(N30),"",IFERROR((VLOOKUP(N30,'Food List'!$C:$H,2,FALSE)),"")) | Q30: =IF(ISBLANK(P30),"",IFERROR((VLOOKUP(N30,'Food List'!$C:$H,3,FALSE))*P30,"")) | R30: =IF(ISBLANK(P30),"",IFERROR((VLOOKUP(N30,'Food List'!$C:$H,4,FALSE))*P30,"")) | S30: =IF(ISBLANK(P30),"",IFERROR((VLOOKUP(N30,'Food List'!$C:$H,5,FALSE))*P30,"")) | T30: =IF(ISBLANK(P30),"",IFERROR((VLOOKUP(N30,'Food List'!$C:$H,6,FALSE))*P30,"")) | X30: Honey | Y30: =IF(ISBLANK(X30),"",IFERROR((VLOOKUP(X30,'Food List'!$C:$H,2,FALSE)),"")) -> 100g | Z30: 0.3 | AA30: =IF(ISBLANK(Z30),"",IFERROR((VLOOKUP(X30,'Food List'!$C:$H,3,FALSE))*Z30,"")) -> 92.1 | AB30: =IF(ISBLANK(Z30),"",IFERROR((VLOOKUP(X30,'Food List'!$C:$H,4,FALSE))*Z30,"")) -> 0.12 | AC30: =IF(ISBLANK(Z30),"",IFERROR((VLOOKUP(X30,'Food List'!$C:$H,5,FALSE))*Z30,"")) -> 22.8 | AD30: =IF(ISBLANK(Z30),"",IFERROR((VLOOKUP(X30,'Food List'!$C:$H,6,FALSE))*Z30,"")) -> 0 | AI30: =IF(ISBLANK(AH30),"",IFERROR((VLOOKUP(AH30,'Food List'!$C:$H,2,FALSE)),"")) | AK30: =IF(ISBLANK(AJ30),"",IFERROR((VLOOKUP(AH30,'Food List'!$C:$H,3,FALSE))*AJ30,"")) | AL30: =IF(ISBLANK(AJ30),"",IFERROR((VLOOKUP(AH30,'Food List'!$C:$H,4,FALSE))*AJ30,"")) | AM30: =IF(ISBLANK(AJ30),"",IFERROR((VLOOKUP(AH30,'Food List'!$C:$H,5,FALSE))*AJ30,"")) | AN30: =IF(ISBLANK(AJ30),"",IFERROR((VLOOKUP(AH30,'Food List'!$C:$H,6,FALSE))*AJ30,"")) | AS30: =IF(ISBLANK(AR30),"",IFERROR((VLOOKUP(AR30,'Food List'!$C:$H,2,FALSE)),"")) | AU30: =IF(ISBLANK(AT30),"",IFERROR((VLOOKUP(AR30,'Food List'!$C:$H,3,FALSE))*AT30,"")) | AV30: =IF(ISBLANK(AT30),"",IFERROR((VLOOKUP(AR30,'Food List'!$C:$H,4,FALSE))*AT30,"")) | AW30: =IF(ISBLANK(AT30),"",IFERROR((VLOOKUP(AR30,'Food List'!$C:$H,5,FALSE))*AT30,"")) | AX30: =IF(ISBLANK(AT30),"",IFERROR((VLOOKUP(AR30,'Food List'!$C:$H,6,FALSE))*AT30,"")) | BC30: =IF(ISBLANK(BB30),"",IFERROR((VLOOKUP(BB30,'Food List'!$C:$H,2,FALSE)),"")) | BE30: =IF(ISBLANK(BD30),"",IFERROR((VLOOKUP(BB30,'Food List'!$C:$H,3,FALSE))*BD30,"")) | BF30: =IF(ISBLANK(BD30),"",IFERROR((VLOOKUP(BB30,'Food List'!$C:$H,4,FALSE))*BD30,"")) | BG30: =IF(ISBLANK(BD30),"",IFERROR((VLOOKUP(BB30,'Food List'!$C:$H,5,FALSE))*BD30,"")) | BH30: =IF(ISBLANK(BD30),"",IFERROR((VLOOKUP(BB30,'Food List'!$C:$H,6,FALSE))*BD30,"")) | BM30: =IF(ISBLANK(BL30),"",IFERROR((VLOOKUP(BL30,'Food List'!$C:$H,2,FALSE)),"")) | BO30: =IF(ISBLANK(BN30),"",IFERROR((VLOOKUP(BL30,'Food List'!$C:$H,3,FALSE))*BN30,"")) | BP30: =IF(ISBLANK(BN30),"",IFERROR((VLOOKUP(BL30,'Food List'!$C:$H,4,FALSE))*BN30,"")) | BQ30: =IF(ISBLANK(BN30),"",IFERROR((VLOOKUP(BL30,'Food List'!$C:$H,5,FALSE))*BN30,"")) | BR30: =IF(ISBLANK(BN30),"",IFERROR((VLOOKUP(BL30,'Food List'!$C:$H,6,FALSE))*BN30,""))
D31: Country Mix Vegetables | E31: =IF(ISBLANK(D31),"",IFERROR((VLOOKUP(D31,'Food List'!$C:$H,2,FALSE)),"")) -> 100g | F31: 1 | G31: =IF(ISBLANK(F31),"",IFERROR((VLOOKUP(D31,'Food List'!$C:$H,3,FALSE))*F31,"")) -> 36 | H31: =IF(ISBLANK(F31),"",IFERROR((VLOOKUP(D31,'Food List'!$C:$H,4,FALSE))*F31,"")) -> 2.7 | I31: =IF(ISBLANK(F31),"",IFERROR((VLOOKUP(D31,'Food List'!$C:$H,5,FALSE))*F31,"")) -> 4.9 | J31: =IF(ISBLANK(F31),"",IFERROR((VLOOKUP(D31,'Food List'!$C:$H,6,FALSE))*F31,"")) -> 0.6 | O31: =IF(ISBLANK(N31),"",IFERROR((VLOOKUP(N31,'Food List'!$C:$H,2,FALSE)),"")) | Q31: =IF(ISBLANK(P31),"",IFERROR((VLOOKUP(N31,'Food List'!$C:$H,3,FALSE))*P31,"")) | R31: =IF(ISBLANK(P31),"",IFERROR((VLOOKUP(N31,'Food List'!$C:$H,4,FALSE))*P31,"")) | S31: =IF(ISBLANK(P31),"",IFERROR((VLOOKUP(N31,'Food List'!$C:$H,5,FALSE))*P31,"")) | T31: =IF(ISBLANK(P31),"",IFERROR((VLOOKUP(N31,'Food List'!$C:$H,6,FALSE))*P31,"")) | X31: Raspberries | Y31: =IF(ISBLANK(X31),"",IFERROR((VLOOKUP(X31,'Food List'!$C:$H,2,FALSE)),"")) -> 100g | Z31: 2 | AA31: =IF(ISBLANK(Z31),"",IFERROR((VLOOKUP(X31,'Food List'!$C:$H,3,FALSE))*Z31,"")) -> 54 | AB31: =IF(ISBLANK(Z31),"",IFERROR((VLOOKUP(X31,'Food List'!$C:$H,4,FALSE))*Z31,"")) -> 2.8 | AC31: =IF(ISBLANK(Z31),"",IFERROR((VLOOKUP(X31,'Food List'!$C:$H,5,FALSE))*Z31,"")) -> 9.2 | AD31: =IF(ISBLANK(Z31),"",IFERROR((VLOOKUP(X31,'Food List'!$C:$H,6,FALSE))*Z31,"")) -> 0.6 | AI31: =IF(ISBLANK(AH31),"",IFERROR((VLOOKUP(AH31,'Food List'!$C:$H,2,FALSE)),"")) | AK31: =IF(ISBLANK(AJ31),"",IFERROR((VLOOKUP(AH31,'Food List'!$C:$H,3,FALSE))*AJ31,"")) | AL31: =IF(ISBLANK(AJ31),"",IFERROR((VLOOKUP(AH31,'Food List'!$C:$H,4,FALSE))*AJ31,"")) | AM31: =IF(ISBLANK(AJ31),"",IFERROR((VLOOKUP(AH31,'Food List'!$C:$H,5,FALSE))*AJ31,"")) | AN31: =IF(ISBLANK(AJ31),"",IFERROR((VLOOKUP(AH31,'Food List'!$C:$H,6,FALSE))*AJ31,"")) | AS31: =IF(ISBLANK(AR31),"",IFERROR((VLOOKUP(AR31,'Food List'!$C:$H,2,FALSE)),"")) | AU31: =IF(ISBLANK(AT31),"",IFERROR((VLOOKUP(AR31,'Food List'!$C:$H,3,FALSE))*AT31,"")) | AV31: =IF(ISBLANK(AT31),"",IFERROR((VLOOKUP(AR31,'Food List'!$C:$H,4,FALSE))*AT31,"")) | AW31: =IF(ISBLANK(AT31),"",IFERROR((VLOOKUP(AR31,'Food List'!$C:$H,5,FALSE))*AT31,"")) | AX31: =IF(ISBLANK(AT31),"",IFERROR((VLOOKUP(AR31,'Food List'!$C:$H,6,FALSE))*AT31,"")) | BC31: =IF(ISBLANK(BB31),"",IFERROR((VLOOKUP(BB31,'Food List'!$C:$H,2,FALSE)),"")) | BE31: =IF(ISBLANK(BD31),"",IFERROR((VLOOKUP(BB31,'Food List'!$C:$H,3,FALSE))*BD31,"")) | BF31: =IF(ISBLANK(BD31),"",IFERROR((VLOOKUP(BB31,'Food List'!$C:$H,4,FALSE))*BD31,"")) | BG31: =IF(ISBLANK(BD31),"",IFERROR((VLOOKUP(BB31,'Food List'!$C:$H,5,FALSE))*BD31,"")) | BH31: =IF(ISBLANK(BD31),"",IFERROR((VLOOKUP(BB31,'Food List'!$C:$H,6,FALSE))*BD31,"")) | BM31: =IF(ISBLANK(BL31),"",IFERROR((VLOOKUP(BL31,'Food List'!$C:$H,2,FALSE)),"")) | BO31: =IF(ISBLANK(BN31),"",IFERROR((VLOOKUP(BL31,'Food List'!$C:$H,3,FALSE))*BN31,"")) | BP31: =IF(ISBLANK(BN31),"",IFERROR((VLOOKUP(BL31,'Food List'!$C:$H,4,FALSE))*BN31,"")) | BQ31: =IF(ISBLANK(BN31),"",IFERROR((VLOOKUP(BL31,'Food List'!$C:$H,5,FALSE))*BN31,"")) | BR31: =IF(ISBLANK(BN31),"",IFERROR((VLOOKUP(BL31,'Food List'!$C:$H,6,FALSE))*BN31,""))
E32: =IF(ISBLANK(D32),"",IFERROR((VLOOKUP(D32,'Food List'!$C:$H,2,FALSE)),"")) | G32: =IF(ISBLANK(F32),"",IFERROR((VLOOKUP(D32,'Food List'!$C:$H,3,FALSE))*F32,"")) | H32: =IF(ISBLANK(F32),"",IFERROR((VLOOKUP(D32,'Food List'!$C:$H,4,FALSE))*F32,"")) | I32: =IF(ISBLANK(F32),"",IFERROR((VLOOKUP(D32,'Food List'!$C:$H,5,FALSE))*F32,"")) | J32: =IF(ISBLANK(F32),"",IFERROR((VLOOKUP(D32,'Food List'!$C:$H,6,FALSE))*F32,"")) | O32: =IF(ISBLANK(N32),"",IFERROR((VLOOKUP(N32,'Food List'!$C:$H,2,FALSE)),"")) | Q32: =IF(ISBLANK(P32),"",IFERROR((VLOOKUP(N32,'Food List'!$C:$H,3,FALSE))*P32,"")) | R32: =IF(ISBLANK(P32),"",IFERROR((VLOOKUP(N32,'Food List'!$C:$H,4,FALSE))*P32,"")) | S32: =IF(ISBLANK(P32),"",IFERROR((VLOOKUP(N32,'Food List'!$C:$H,5,FALSE))*P32,"")) | T32: =IF(ISBLANK(P32),"",IFERROR((VLOOKUP(N32,'Food List'!$C:$H,6,FALSE))*P32,"")) | Y32: =IF(ISBLANK(X32),"",IFERROR((VLOOKUP(X32,'Food List'!$C:$H,2,FALSE)),"")) | AA32: =IF(ISBLANK(Z32),"",IFERROR((VLOOKUP(X32,'Food List'!$C:$H,3,FALSE))*Z32,"")) | AB32: =IF(ISBLANK(Z32),"",IFERROR((VLOOKUP(X32,'Food List'!$C:$H,4,FALSE))*Z32,"")) | AC32: =IF(ISBLANK(Z32),"",IFERROR((VLOOKUP(X32,'Food List'!$C:$H,5,FALSE))*Z32,"")) | AD32: =IF(ISBLANK(Z32),"",IFERROR((VLOOKUP(X32,'Food List'!$C:$H,6,FALSE))*Z32,"")) | AI32: =IF(ISBLANK(AH32),"",IFERROR((VLOOKUP(AH32,'Food List'!$C:$H,2,FALSE)),"")) | AK32: =IF(ISBLANK(AJ32),"",IFERROR((VLOOKUP(AH32,'Food List'!$C:$H,3,FALSE))*AJ32,"")) | AL32: =IF(ISBLANK(AJ32),"",IFERROR((VLOOKUP(AH32,'Food List'!$C:$H,4,FALSE))*AJ32,"")) | AM32: =IF(ISBLANK(AJ32),"",IFERROR((VLOOKUP(AH32,'Food List'!$C:$H,5,FALSE))*AJ32,"")) | AN32: =IF(ISBLANK(AJ32),"",IFERROR((VLOOKUP(AH32,'Food List'!$C:$H,6,FALSE))*AJ32,"")) | AS32: =IF(ISBLANK(AR32),"",IFERROR((VLOOKUP(AR32,'Food List'!$C:$H,2,FALSE)),"")) | AU32: =IF(ISBLANK(AT32),"",IFERROR((VLOOKUP(AR32,'Food List'!$C:$H,3,FALSE))*AT32,"")) | AV32: =IF(ISBLANK(AT32),"",IFERROR((VLOOKUP(AR32,'Food List'!$C:$H,4,FALSE))*AT32,"")) | AW32: =IF(ISBLANK(AT32),"",IFERROR((VLOOKUP(AR32,'Food List'!$C:$H,5,FALSE))*AT32,"")) | AX32: =IF(ISBLANK(AT32),"",IFERROR((VLOOKUP(AR32,'Food List'!$C:$H,6,FALSE))*AT32,"")) | BC32: =IF(ISBLANK(BB32),"",IFERROR((VLOOKUP(BB32,'Food List'!$C:$H,2,FALSE)),"")) | BE32: =IF(ISBLANK(BD32),"",IFERROR((VLOOKUP(BB32,'Food List'!$C:$H,3,FALSE))*BD32,"")) | BF32: =IF(ISBLANK(BD32),"",IFERROR((VLOOKUP(BB32,'Food List'!$C:$H,4,FALSE))*BD32,"")) | BG32: =IF(ISBLANK(BD32),"",IFERROR((VLOOKUP(BB32,'Food List'!$C:$H,5,FALSE))*BD32,"")) | BH32: =IF(ISBLANK(BD32),"",IFERROR((VLOOKUP(BB32,'Food List'!$C:$H,6,FALSE))*BD32,"")) | BM32: =IF(ISBLANK(BL32),"",IFERROR((VLOOKUP(BL32,'Food List'!$C:$H,2,FALSE)),"")) | BO32: =IF(ISBLANK(BN32),"",IFERROR((VLOOKUP(BL32,'Food List'!$C:$H,3,FALSE))*BN32,"")) | BP32: =IF(ISBLANK(BN32),"",IFERROR((VLOOKUP(BL32,'Food List'!$C:$H,4,FALSE))*BN32,"")) | BQ32: =IF(ISBLANK(BN32),"",IFERROR((VLOOKUP(BL32,'Food List'!$C:$H,5,FALSE))*BN32,"")) | BR32: =IF(ISBLANK(BN32),"",IFERROR((VLOOKUP(BL32,'Food List'!$C:$H,6,FALSE))*BN32,""))
E33: =IF(ISBLANK(D33),"",IFERROR((VLOOKUP(D33,'Food List'!$C:$H,2,FALSE)),"")) | G33: =IF(ISBLANK(F33),"",IFERROR((VLOOKUP(D33,'Food List'!$C:$H,3,FALSE))*F33,"")) | H33: =IF(ISBLANK(F33),"",IFERROR((VLOOKUP(D33,'Food List'!$C:$H,4,FALSE))*F33,"")) | I33: =IF(ISBLANK(F33),"",IFERROR((VLOOKUP(D33,'Food List'!$C:$H,5,FALSE))*F33,"")) | J33: =IF(ISBLANK(F33),"",IFERROR((VLOOKUP(D33,'Food List'!$C:$H,6,FALSE))*F33,"")) | O33: =IF(ISBLANK(N33),"",IFERROR((VLOOKUP(N33,'Food List'!$C:$H,2,FALSE)),"")) | Q33: =IF(ISBLANK(P33),"",IFERROR((VLOOKUP(N33,'Food List'!$C:$H,3,FALSE))*P33,"")) | R33: =IF(ISBLANK(P33),"",IFERROR((VLOOKUP(N33,'Food List'!$C:$H,4,FALSE))*P33,"")) | S33: =IF(ISBLANK(P33),"",IFERROR((VLOOKUP(N33,'Food List'!$C:$H,5,FALSE))*P33,"")) | T33: =IF(ISBLANK(P33),"",IFERROR((VLOOKUP(N33,'Food List'!$C:$H,6,FALSE))*P33,"")) | Y33: =IF(ISBLANK(X33),"",IFERROR((VLOOKUP(X33,'Food List'!$C:$H,2,FALSE)),"")) | AA33: =IF(ISBLANK(Z33),"",IFERROR((VLOOKUP(X33,'Food List'!$C:$H,3,FALSE))*Z33,"")) | AB33: =IF(ISBLANK(Z33),"",IFERROR((VLOOKUP(X33,'Food List'!$C:$H,4,FALSE))*Z33,"")) | AC33: =IF(ISBLANK(Z33),"",IFERROR((VLOOKUP(X33,'Food List'!$C:$H,5,FALSE))*Z33,"")) | AD33: =IF(ISBLANK(Z33),"",IFERROR((VLOOKUP(X33,'Food List'!$C:$H,6,FALSE))*Z33,"")) | AI33: =IF(ISBLANK(AH33),"",IFERROR((VLOOKUP(AH33,'Food List'!$C:$H,2,FALSE)),"")) | AK33: =IF(ISBLANK(AJ33),"",IFERROR((VLOOKUP(AH33,'Food List'!$C:$H,3,FALSE))*AJ33,"")) | AL33: =IF(ISBLANK(AJ33),"",IFERROR((VLOOKUP(AH33,'Food List'!$C:$H,4,FALSE))*AJ33,"")) | AM33: =IF(ISBLANK(AJ33),"",IFERROR((VLOOKUP(AH33,'Food List'!$C:$H,5,FALSE))*AJ33,"")) | AN33: =IF(ISBLANK(AJ33),"",IFERROR((VLOOKUP(AH33,'Food List'!$C:$H,6,FALSE))*AJ33,"")) | AS33: =IF(ISBLANK(AR33),"",IFERROR((VLOOKUP(AR33,'Food List'!$C:$H,2,FALSE)),"")) | AU33: =IF(ISBLANK(AT33),"",IFERROR((VLOOKUP(AR33,'Food List'!$C:$H,3,FALSE))*AT33,"")) | AV33: =IF(ISBLANK(AT33),"",IFERROR((VLOOKUP(AR33,'Food List'!$C:$H,4,FALSE))*AT33,"")) | AW33: =IF(ISBLANK(AT33),"",IFERROR((VLOOKUP(AR33,'Food List'!$C:$H,5,FALSE))*AT33,"")) | AX33: =IF(ISBLANK(AT33),"",IFERROR((VLOOKUP(AR33,'Food List'!$C:$H,6,FALSE))*AT33,"")) | BC33: =IF(ISBLANK(BB33),"",IFERROR((VLOOKUP(BB33,'Food List'!$C:$H,2,FALSE)),"")) | BE33: =IF(ISBLANK(BD33),"",IFERROR((VLOOKUP(BB33,'Food List'!$C:$H,3,FALSE))*BD33,"")) | BF33: =IF(ISBLANK(BD33),"",IFERROR((VLOOKUP(BB33,'Food List'!$C:$H,4,FALSE))*BD33,"")) | BG33: =IF(ISBLANK(BD33),"",IFERROR((VLOOKUP(BB33,'Food List'!$C:$H,5,FALSE))*BD33,"")) | BH33: =IF(ISBLANK(BD33),"",IFERROR((VLOOKUP(BB33,'Food List'!$C:$H,6,FALSE))*BD33,"")) | BM33: =IF(ISBLANK(BL33),"",IFERROR((VLOOKUP(BL33,'Food List'!$C:$H,2,FALSE)),"")) | BO33: =IF(ISBLANK(BN33),"",IFERROR((VLOOKUP(BL33,'Food List'!$C:$H,3,FALSE))*BN33,"")) | BP33: =IF(ISBLANK(BN33),"",IFERROR((VLOOKUP(BL33,'Food List'!$C:$H,4,FALSE))*BN33,"")) | BQ33: =IF(ISBLANK(BN33),"",IFERROR((VLOOKUP(BL33,'Food List'!$C:$H,5,FALSE))*BN33,"")) | BR33: =IF(ISBLANK(BN33),"",IFERROR((VLOOKUP(BL33,'Food List'!$C:$H,6,FALSE))*BN33,""))
E34: =IF(ISBLANK(D34),"",IFERROR((VLOOKUP(D34,'Food List'!$C:$H,2,FALSE)),"")) | G34: =IF(ISBLANK(F34),"",IFERROR((VLOOKUP(D34,'Food List'!$C:$H,3,FALSE))*F34,"")) | H34: =IF(ISBLANK(F34),"",IFERROR((VLOOKUP(D34,'Food List'!$C:$H,4,FALSE))*F34,"")) | I34: =IF(ISBLANK(F34),"",IFERROR((VLOOKUP(D34,'Food List'!$C:$H,5,FALSE))*F34,"")) | J34: =IF(ISBLANK(F34),"",IFERROR((VLOOKUP(D34,'Food List'!$C:$H,6,FALSE))*F34,"")) | O34: =IF(ISBLANK(N34),"",IFERROR((VLOOKUP(N34,'Food List'!$C:$H,2,FALSE)),"")) | Q34: =IF(ISBLANK(P34),"",IFERROR((VLOOKUP(N34,'Food List'!$C:$H,3,FALSE))*P34,"")) | R34: =IF(ISBLANK(P34),"",IFERROR((VLOOKUP(N34,'Food List'!$C:$H,4,FALSE))*P34,"")) | S34: =IF(ISBLANK(P34),"",IFERROR((VLOOKUP(N34,'Food List'!$C:$H,5,FALSE))*P34,"")) | T34: =IF(ISBLANK(P34),"",IFERROR((VLOOKUP(N34,'Food List'!$C:$H,6,FALSE))*P34,"")) | Y34: =IF(ISBLANK(X34),"",IFERROR((VLOOKUP(X34,'Food List'!$C:$H,2,FALSE)),"")) | AA34: =IF(ISBLANK(Z34),"",IFERROR((VLOOKUP(X34,'Food List'!$C:$H,3,FALSE))*Z34,"")) | AB34: =IF(ISBLANK(Z34),"",IFERROR((VLOOKUP(X34,'Food List'!$C:$H,4,FALSE))*Z34,"")) | AC34: =IF(ISBLANK(Z34),"",IFERROR((VLOOKUP(X34,'Food List'!$C:$H,5,FALSE))*Z34,"")) | AD34: =IF(ISBLANK(Z34),"",IFERROR((VLOOKUP(X34,'Food List'!$C:$H,6,FALSE))*Z34,"")) | AI34: =IF(ISBLANK(AH34),"",IFERROR((VLOOKUP(AH34,'Food List'!$C:$H,2,FALSE)),"")) | AK34: =IF(ISBLANK(AJ34),"",IFERROR((VLOOKUP(AH34,'Food List'!$C:$H,3,FALSE))*AJ34,"")) | AL34: =IF(ISBLANK(AJ34),"",IFERROR((VLOOKUP(AH34,'Food List'!$C:$H,4,FALSE))*AJ34,"")) | AM34: =IF(ISBLANK(AJ34),"",IFERROR((VLOOKUP(AH34,'Food List'!$C:$H,5,FALSE))*AJ34,"")) | AN34: =IF(ISBLANK(AJ34),"",IFERROR((VLOOKUP(AH34,'Food List'!$C:$H,6,FALSE))*AJ34,"")) | AS34: =IF(ISBLANK(AR34),"",IFERROR((VLOOKUP(AR34,'Food List'!$C:$H,2,FALSE)),"")) | AU34: =IF(ISBLANK(AT34),"",IFERROR((VLOOKUP(AR34,'Food List'!$C:$H,3,FALSE))*AT34,"")) | AV34: =IF(ISBLANK(AT34),"",IFERROR((VLOOKUP(AR34,'Food List'!$C:$H,4,FALSE))*AT34,"")) | AW34: =IF(ISBLANK(AT34),"",IFERROR((VLOOKUP(AR34,'Food List'!$C:$H,5,FALSE))*AT34,"")) | AX34: =IF(ISBLANK(AT34),"",IFERROR((VLOOKUP(AR34,'Food List'!$C:$H,6,FALSE))*AT34,"")) | BC34: =IF(ISBLANK(BB34),"",IFERROR((VLOOKUP(BB34,'Food List'!$C:$H,2,FALSE)),"")) | BE34: =IF(ISBLANK(BD34),"",IFERROR((VLOOKUP(BB34,'Food List'!$C:$H,3,FALSE))*BD34,"")) | BF34: =IF(ISBLANK(BD34),"",IFERROR((VLOOKUP(BB34,'Food List'!$C:$H,4,FALSE))*BD34,"")) | BG34: =IF(ISBLANK(BD34),"",IFERROR((VLOOKUP(BB34,'Food List'!$C:$H,5,FALSE))*BD34,"")) | BH34: =IF(ISBLANK(BD34),"",IFERROR((VLOOKUP(BB34,'Food List'!$C:$H,6,FALSE))*BD34,"")) | BM34: =IF(ISBLANK(BL34),"",IFERROR((VLOOKUP(BL34,'Food List'!$C:$H,2,FALSE)),"")) | BO34: =IF(ISBLANK(BN34),"",IFERROR((VLOOKUP(BL34,'Food List'!$C:$H,3,FALSE))*BN34,"")) | BP34: =IF(ISBLANK(BN34),"",IFERROR((VLOOKUP(BL34,'Food List'!$C:$H,4,FALSE))*BN34,"")) | BQ34: =IF(ISBLANK(BN34),"",IFERROR((VLOOKUP(BL34,'Food List'!$C:$H,5,FALSE))*BN34,"")) | BR34: =IF(ISBLANK(BN34),"",IFERROR((VLOOKUP(BL34,'Food List'!$C:$H,6,FALSE))*BN34,""))
D35: MEAL TOTAL | G35: =IFERROR(SUM(G29:G34),0) -> 556 | H35: =IFERROR(SUM(H29:H34),0) -> 50.8 | I35: =IFERROR(SUM(I29:I34),0) -> 58.6 | J35: =IFERROR(SUM(J29:J34),0) -> 13.1 | N35: MEAL TOTAL | Q35: =IFERROR(SUM(Q29:Q34),0) -> 200 | R35: =IFERROR(SUM(R29:R34),0) -> 20 | S35: =IFERROR(SUM(S29:S34),0) -> 20 | T35: =IFERROR(SUM(T29:T34),0) -> 5 | X35: MEAL TOTAL | AA35: =IFERROR(SUM(AA29:AA34),0) -> 320.1 | AB35: =IFERROR(SUM(AB29:AB34),0) -> 34.72 | AC35: =IFERROR(SUM(AC29:AC34),0) -> 43.7 | AD35: =IFERROR(SUM(AD29:AD34),0) -> 0.6 | AH35: MEAL TOTAL | AK35: =IFERROR(SUM(AK29:AK34),0) -> 0 | AL35: =IFERROR(SUM(AL29:AL34),0) -> 0 | AM35: =IFERROR(SUM(AM29:AM34),0) -> 0 | AN35: =IFERROR(SUM(AN29:AN34),0) -> 0 | AR35: MEAL TOTAL | AU35: =IFERROR(SUM(AU29:AU34),0) -> 0 | AV35: =IFERROR(SUM(AV29:AV34),0) -> 0 | AW35: =IFERROR(SUM(AW29:AW34),0) -> 0 | AX35: =IFERROR(SUM(AX29:AX34),0) -> 0 | BB35: MEAL TOTAL | BE35: =IFERROR(SUM(BE29:BE34),0) -> 0 | BF35: =IFERROR(SUM(BF29:BF34),0) -> 0 | BG35: =IFERROR(SUM(BG29:BG34),0) -> 0 | BH35: =IFERROR(SUM(BH29:BH34),0) -> 0 | BL35: MEAL TOTAL | BO35: =IFERROR(SUM(BO29:BO34),0) -> 0 | BP35: =IFERROR(SUM(BP29:BP34),0) -> 0 | BQ35: =IFERROR(SUM(BQ29:BQ34),0) -> 0 | BR35: =IFERROR(SUM(BR29:BR34),0) -> 0
B37: M4 | E37: =IF(ISBLANK(D37),"",IFERROR((VLOOKUP(D37,'Food List'!$C:$H,2,FALSE)),"")) | G37: =IF(ISBLANK(F37),"",IFERROR((VLOOKUP(D37,'Food List'!$C:$H,3,FALSE))*F37,"")) | H37: =IF(ISBLANK(F37),"",IFERROR((VLOOKUP(D37,'Food List'!$C:$H,4,FALSE))*F37,"")) | I37: =IF(ISBLANK(F37),"",IFERROR((VLOOKUP(D37,'Food List'!$C:$H,5,FALSE))*F37,"")) | J37: =IF(ISBLANK(F37),"",IFERROR((VLOOKUP(D37,'Food List'!$C:$H,6,FALSE))*F37,"")) | L37: M4 | O37: =IF(ISBLANK(N37),"",IFERROR((VLOOKUP(N37,'Food List'!$C:$H,2,FALSE)),"")) | Q37: =IF(ISBLANK(P37),"",IFERROR((VLOOKUP(N37,'Food List'!$C:$H,3,FALSE))*P37,"")) | R37: =IF(ISBLANK(P37),"",IFERROR((VLOOKUP(N37,'Food List'!$C:$H,4,FALSE))*P37,"")) | S37: =IF(ISBLANK(P37),"",IFERROR((VLOOKUP(N37,'Food List'!$C:$H,5,FALSE))*P37,"")) | T37: =IF(ISBLANK(P37),"",IFERROR((VLOOKUP(N37,'Food List'!$C:$H,6,FALSE))*P37,"")) | V37: M4 | Y37: =IF(ISBLANK(X37),"",IFERROR((VLOOKUP(X37,'Food List'!$C:$H,2,FALSE)),"")) | AA37: =IF(ISBLANK(Z37),"",IFERROR((VLOOKUP(X37,'Food List'!$C:$H,3,FALSE))*Z37,"")) | AB37: =IF(ISBLANK(Z37),"",IFERROR((VLOOKUP(X37,'Food List'!$C:$H,4,FALSE))*Z37,"")) | AC37: =IF(ISBLANK(Z37),"",IFERROR((VLOOKUP(X37,'Food List'!$C:$H,5,FALSE))*Z37,"")) | AD37: =IF(ISBLANK(Z37),"",IFERROR((VLOOKUP(X37,'Food List'!$C:$H,6,FALSE))*Z37,"")) | AF37: M4 | AI37: =IF(ISBLANK(AH37),"",IFERROR((VLOOKUP(AH37,'Food List'!$C:$H,2,FALSE)),"")) | AK37: =IF(ISBLANK(AJ37),"",IFERROR((VLOOKUP(AH37,'Food List'!$C:$H,3,FALSE))*AJ37,"")) | AL37: =IF(ISBLANK(AJ37),"",IFERROR((VLOOKUP(AH37,'Food List'!$C:$H,4,FALSE))*AJ37,"")) | AM37: =IF(ISBLANK(AJ37),"",IFERROR((VLOOKUP(AH37,'Food List'!$C:$H,5,FALSE))*AJ37,"")) | AN37: =IF(ISBLANK(AJ37),"",IFERROR((VLOOKUP(AH37,'Food List'!$C:$H,6,FALSE))*AJ37,"")) | AP37: M4 | AS37: =IF(ISBLANK(AR37),"",IFERROR((VLOOKUP(AR37,'Food List'!$C:$H,2,FALSE)),"")) | AU37: =IF(ISBLANK(AT37),"",IFERROR((VLOOKUP(AR37,'Food List'!$C:$H,3,FALSE))*AT37,"")) | AV37: =IF(ISBLANK(AT37),"",IFERROR((VLOOKUP(AR37,'Food List'!$C:$H,4,FALSE))*AT37,"")) | AW37: =IF(ISBLANK(AT37),"",IFERROR((VLOOKUP(AR37,'Food List'!$C:$H,5,FALSE))*AT37,"")) | AX37: =IF(ISBLANK(AT37),"",IFERROR((VLOOKUP(AR37,'Food List'!$C:$H,6,FALSE))*AT37,"")) | AZ37: M4 | BC37: =IF(ISBLANK(BB37),"",IFERROR((VLOOKUP(BB37,'Food List'!$C:$H,2,FALSE)),"")) | BE37: =IF(ISBLANK(BD37),"",IFERROR((VLOOKUP(BB37,'Food List'!$C:$H,3,FALSE))*BD37,"")) | BF37: =IF(ISBLANK(BD37),"",IFERROR((VLOOKUP(BB37,'Food List'!$C:$H,4,FALSE))*BD37,"")) | BG37: =IF(ISBLANK(BD37),"",IFERROR((VLOOKUP(BB37,'Food List'!$C:$H,5,FALSE))*BD37,"")) | BH37: =IF(ISBLANK(BD37),"",IFERROR((VLOOKUP(BB37,'Food List'!$C:$H,6,FALSE))*BD37,"")) | BJ37: M4 | BM37: =IF(ISBLANK(BL37),"",IFERROR((VLOOKUP(BL37,'Food List'!$C:$H,2,FALSE)),"")) | BO37: =IF(ISBLANK(BN37),"",IFERROR((VLOOKUP(BL37,'Food List'!$C:$H,3,FALSE))*BN37,"")) | BP37: =IF(ISBLANK(BN37),"",IFERROR((VLOOKUP(BL37,'Food List'!$C:$H,4,FALSE))*BN37,"")) | BQ37: =IF(ISBLANK(BN37),"",IFERROR((VLOOKUP(BL37,'Food List'!$C:$H,5,FALSE))*BN37,"")) | BR37: =IF(ISBLANK(BN37),"",IFERROR((VLOOKUP(BL37,'Food List'!$C:$H,6,FALSE))*BN37,""))
E38: =IF(ISBLANK(D38),"",IFERROR((VLOOKUP(D38,'Food List'!$C:$H,2,FALSE)),"")) | G38: =IF(ISBLANK(F38),"",IFERROR((VLOOKUP(D38,'Food List'!$C:$H,3,FALSE))*F38,"")) | H38: =IF(ISBLANK(F38),"",IFERROR((VLOOKUP(D38,'Food List'!$C:$H,4,FALSE))*F38,"")) | I38: =IF(ISBLANK(F38),"",IFERROR((VLOOKUP(D38,'Food List'!$C:$H,5,FALSE))*F38,"")) | J38: =IF(ISBLANK(F38),"",IFERROR((VLOOKUP(D38,'Food List'!$C:$H,6,FALSE))*F38,"")) | O38: =IF(ISBLANK(N38),"",IFERROR((VLOOKUP(N38,'Food List'!$C:$H,2,FALSE)),"")) | Q38: =IF(ISBLANK(P38),"",IFERROR((VLOOKUP(N38,'Food List'!$C:$H,3,FALSE))*P38,"")) | R38: =IF(ISBLANK(P38),"",IFERROR((VLOOKUP(N38,'Food List'!$C:$H,4,FALSE))*P38,"")) | S38: =IF(ISBLANK(P38),"",IFERROR((VLOOKUP(N38,'Food List'!$C:$H,5,FALSE))*P38,"")) | T38: =IF(ISBLANK(P38),"",IFERROR((VLOOKUP(N38,'Food List'!$C:$H,6,FALSE))*P38,"")) | Y38: =IF(ISBLANK(X38),"",IFERROR((VLOOKUP(X38,'Food List'!$C:$H,2,FALSE)),"")) | AA38: =IF(ISBLANK(Z38),"",IFERROR((VLOOKUP(X38,'Food List'!$C:$H,3,FALSE))*Z38,"")) | AB38: =IF(ISBLANK(Z38),"",IFERROR((VLOOKUP(X38,'Food List'!$C:$H,4,FALSE))*Z38,"")) | AC38: =IF(ISBLANK(Z38),"",IFERROR((VLOOKUP(X38,'Food List'!$C:$H,5,FALSE))*Z38,"")) | AD38: =IF(ISBLANK(Z38),"",IFERROR((VLOOKUP(X38,'Food List'!$C:$H,6,FALSE))*Z38,"")) | AI38: =IF(ISBLANK(AH38),"",IFERROR((VLOOKUP(AH38,'Food List'!$C:$H,2,FALSE)),"")) | AK38: =IF(ISBLANK(AJ38),"",IFERROR((VLOOKUP(AH38,'Food List'!$C:$H,3,FALSE))*AJ38,"")) | AL38: =IF(ISBLANK(AJ38),"",IFERROR((VLOOKUP(AH38,'Food List'!$C:$H,4,FALSE))*AJ38,"")) | AM38: =IF(ISBLANK(AJ38),"",IFERROR((VLOOKUP(AH38,'Food List'!$C:$H,5,FALSE))*AJ38,"")) | AN38: =IF(ISBLANK(AJ38),"",IFERROR((VLOOKUP(AH38,'Food List'!$C:$H,6,FALSE))*AJ38,"")) | AS38: =IF(ISBLANK(AR38),"",IFERROR((VLOOKUP(AR38,'Food List'!$C:$H,2,FALSE)),"")) | AU38: =IF(ISBLANK(AT38),"",IFERROR((VLOOKUP(AR38,'Food List'!$C:$H,3,FALSE))*AT38,"")) | AV38: =IF(ISBLANK(AT38),"",IFERROR((VLOOKUP(AR38,'Food List'!$C:$H,4,FALSE))*AT38,"")) | AW38: =IF(ISBLANK(AT38),"",IFERROR((VLOOKUP(AR38,'Food List'!$C:$H,5,FALSE))*AT38,"")) | AX38: =IF(ISBLANK(AT38),"",IFERROR((VLOOKUP(AR38,'Food List'!$C:$H,6,FALSE))*AT38,"")) | BC38: =IF(ISBLANK(BB38),"",IFERROR((VLOOKUP(BB38,'Food List'!$C:$H,2,FALSE)),"")) | BE38: =IF(ISBLANK(BD38),"",IFERROR((VLOOKUP(BB38,'Food List'!$C:$H,3,FALSE))*BD38,"")) | BF38: =IF(ISBLANK(BD38),"",IFERROR((VLOOKUP(BB38,'Food List'!$C:$H,4,FALSE))*BD38,"")) | BG38: =IF(ISBLANK(BD38),"",IFERROR((VLOOKUP(BB38,'Food List'!$C:$H,5,FALSE))*BD38,"")) | BH38: =IF(ISBLANK(BD38),"",IFERROR((VLOOKUP(BB38,'Food List'!$C:$H,6,FALSE))*BD38,"")) | BM38: =IF(ISBLANK(BL38),"",IFERROR((VLOOKUP(BL38,'Food List'!$C:$H,2,FALSE)),"")) | BO38: =IF(ISBLANK(BN38),"",IFERROR((VLOOKUP(BL38,'Food List'!$C:$H,3,FALSE))*BN38,"")) | BP38: =IF(ISBLANK(BN38),"",IFERROR((VLOOKUP(BL38,'Food List'!$C:$H,4,FALSE))*BN38,"")) | BQ38: =IF(ISBLANK(BN38),"",IFERROR((VLOOKUP(BL38,'Food List'!$C:$H,5,FALSE))*BN38,"")) | BR38: =IF(ISBLANK(BN38),"",IFERROR((VLOOKUP(BL38,'Food List'!$C:$H,6,FALSE))*BN38,""))
E39: =IF(ISBLANK(D39),"",IFERROR((VLOOKUP(D39,'Food List'!$C:$H,2,FALSE)),"")) | G39: =IF(ISBLANK(F39),"",IFERROR((VLOOKUP(D39,'Food List'!$C:$H,3,FALSE))*F39,"")) | H39: =IF(ISBLANK(F39),"",IFERROR((VLOOKUP(D39,'Food List'!$C:$H,4,FALSE))*F39,"")) | I39: =IF(ISBLANK(F39),"",IFERROR((VLOOKUP(D39,'Food List'!$C:$H,5,FALSE))*F39,"")) | J39: =IF(ISBLANK(F39),"",IFERROR((VLOOKUP(D39,'Food List'!$C:$H,6,FALSE))*F39,"")) | O39: =IF(ISBLANK(N39),"",IFERROR((VLOOKUP(N39,'Food List'!$C:$H,2,FALSE)),"")) | Q39: =IF(ISBLANK(P39),"",IFERROR((VLOOKUP(N39,'Food List'!$C:$H,3,FALSE))*P39,"")) | R39: =IF(ISBLANK(P39),"",IFERROR((VLOOKUP(N39,'Food List'!$C:$H,4,FALSE))*P39,"")) | S39: =IF(ISBLANK(P39),"",IFERROR((VLOOKUP(N39,'Food List'!$C:$H,5,FALSE))*P39,"")) | T39: =IF(ISBLANK(P39),"",IFERROR((VLOOKUP(N39,'Food List'!$C:$H,6,FALSE))*P39,"")) | Y39: =IF(ISBLANK(X39),"",IFERROR((VLOOKUP(X39,'Food List'!$C:$H,2,FALSE)),"")) | AA39: =IF(ISBLANK(Z39),"",IFERROR((VLOOKUP(X39,'Food List'!$C:$H,3,FALSE))*Z39,"")) | AB39: =IF(ISBLANK(Z39),"",IFERROR((VLOOKUP(X39,'Food List'!$C:$H,4,FALSE))*Z39,"")) | AC39: =IF(ISBLANK(Z39),"",IFERROR((VLOOKUP(X39,'Food List'!$C:$H,5,FALSE))*Z39,"")) | AD39: =IF(ISBLANK(Z39),"",IFERROR((VLOOKUP(X39,'Food List'!$C:$H,6,FALSE))*Z39,"")) | AI39: =IF(ISBLANK(AH39),"",IFERROR((VLOOKUP(AH39,'Food List'!$C:$H,2,FALSE)),"")) | AK39: =IF(ISBLANK(AJ39),"",IFERROR((VLOOKUP(AH39,'Food List'!$C:$H,3,FALSE))*AJ39,"")) | AL39: =IF(ISBLANK(AJ39),"",IFERROR((VLOOKUP(AH39,'Food List'!$C:$H,4,FALSE))*AJ39,"")) | AM39: =IF(ISBLANK(AJ39),"",IFERROR((VLOOKUP(AH39,'Food List'!$C:$H,5,FALSE))*AJ39,"")) | AN39: =IF(ISBLANK(AJ39),"",IFERROR((VLOOKUP(AH39,'Food List'!$C:$H,6,FALSE))*AJ39,"")) | AS39: =IF(ISBLANK(AR39),"",IFERROR((VLOOKUP(AR39,'Food List'!$C:$H,2,FALSE)),"")) | AU39: =IF(ISBLANK(AT39),"",IFERROR((VLOOKUP(AR39,'Food List'!$C:$H,3,FALSE))*AT39,"")) | AV39: =IF(ISBLANK(AT39),"",IFERROR((VLOOKUP(AR39,'Food List'!$C:$H,4,FALSE))*AT39,"")) | AW39: =IF(ISBLANK(AT39),"",IFERROR((VLOOKUP(AR39,'Food List'!$C:$H,5,FALSE))*AT39,"")) | AX39: =IF(ISBLANK(AT39),"",IFERROR((VLOOKUP(AR39,'Food List'!$C:$H,6,FALSE))*AT39,"")) | BC39: =IF(ISBLANK(BB39),"",IFERROR((VLOOKUP(BB39,'Food List'!$C:$H,2,FALSE)),"")) | BE39: =IF(ISBLANK(BD39),"",IFERROR((VLOOKUP(BB39,'Food List'!$C:$H,3,FALSE))*BD39,"")) | BF39: =IF(ISBLANK(BD39),"",IFERROR((VLOOKUP(BB39,'Food List'!$C:$H,4,FALSE))*BD39,"")) | BG39: =IF(ISBLANK(BD39),"",IFERROR((VLOOKUP(BB39,'Food List'!$C:$H,5,FALSE))*BD39,"")) | BH39: =IF(ISBLANK(BD39),"",IFERROR((VLOOKUP(BB39,'Food List'!$C:$H,6,FALSE))*BD39,"")) | BM39: =IF(ISBLANK(BL39),"",IFERROR((VLOOKUP(BL39,'Food List'!$C:$H,2,FALSE)),"")) | BO39: =IF(ISBLANK(BN39),"",IFERROR((VLOOKUP(BL39,'Food List'!$C:$H,3,FALSE))*BN39,"")) | BP39: =IF(ISBLANK(BN39),"",IFERROR((VLOOKUP(BL39,'Food List'!$C:$H,4,FALSE))*BN39,"")) | BQ39: =IF(ISBLANK(BN39),"",IFERROR((VLOOKUP(BL39,'Food List'!$C:$H,5,FALSE))*BN39,"")) | BR39: =IF(ISBLANK(BN39),"",IFERROR((VLOOKUP(BL39,'Food List'!$C:$H,6,FALSE))*BN39,""))
E40: =IF(ISBLANK(D40),"",IFERROR((VLOOKUP(D40,'Food List'!$C:$H,2,FALSE)),"")) | G40: =IF(ISBLANK(F40),"",IFERROR((VLOOKUP(D40,'Food List'!$C:$H,3,FALSE))*F40,"")) | H40: =IF(ISBLANK(F40),"",IFERROR((VLOOKUP(D40,'Food List'!$C:$H,4,FALSE))*F40,"")) | I40: =IF(ISBLANK(F40),"",IFERROR((VLOOKUP(D40,'Food List'!$C:$H,5,FALSE))*F40,"")) | J40: =IF(ISBLANK(F40),"",IFERROR((VLOOKUP(D40,'Food List'!$C:$H,6,FALSE))*F40,"")) | O40: =IF(ISBLANK(N40),"",IFERROR((VLOOKUP(N40,'Food List'!$C:$H,2,FALSE)),"")) | Q40: =IF(ISBLANK(P40),"",IFERROR((VLOOKUP(N40,'Food List'!$C:$H,3,FALSE))*P40,"")) | R40: =IF(ISBLANK(P40),"",IFERROR((VLOOKUP(N40,'Food List'!$C:$H,4,FALSE))*P40,"")) | S40: =IF(ISBLANK(P40),"",IFERROR((VLOOKUP(N40,'Food List'!$C:$H,5,FALSE))*P40,"")) | T40: =IF(ISBLANK(P40),"",IFERROR((VLOOKUP(N40,'Food List'!$C:$H,6,FALSE))*P40,"")) | Y40: =IF(ISBLANK(X40),"",IFERROR((VLOOKUP(X40,'Food List'!$C:$H,2,FALSE)),"")) | AA40: =IF(ISBLANK(Z40),"",IFERROR((VLOOKUP(X40,'Food List'!$C:$H,3,FALSE))*Z40,"")) | AB40: =IF(ISBLANK(Z40),"",IFERROR((VLOOKUP(X40,'Food List'!$C:$H,4,FALSE))*Z40,"")) | AC40: =IF(ISBLANK(Z40),"",IFERROR((VLOOKUP(X40,'Food List'!$C:$H,5,FALSE))*Z40,"")) | AD40: =IF(ISBLANK(Z40),"",IFERROR((VLOOKUP(X40,'Food List'!$C:$H,6,FALSE))*Z40,"")) | AI40: =IF(ISBLANK(AH40),"",IFERROR((VLOOKUP(AH40,'Food List'!$C:$H,2,FALSE)),"")) | AK40: =IF(ISBLANK(AJ40),"",IFERROR((VLOOKUP(AH40,'Food List'!$C:$H,3,FALSE))*AJ40,"")) | AL40: =IF(ISBLANK(AJ40),"",IFERROR((VLOOKUP(AH40,'Food List'!$C:$H,4,FALSE))*AJ40,"")) | AM40: =IF(ISBLANK(AJ40),"",IFERROR((VLOOKUP(AH40,'Food List'!$C:$H,5,FALSE))*AJ40,"")) | AN40: =IF(ISBLANK(AJ40),"",IFERROR((VLOOKUP(AH40,'Food List'!$C:$H,6,FALSE))*AJ40,"")) | AS40: =IF(ISBLANK(AR40),"",IFERROR((VLOOKUP(AR40,'Food List'!$C:$H,2,FALSE)),"")) | AU40: =IF(ISBLANK(AT40),"",IFERROR((VLOOKUP(AR40,'Food List'!$C:$H,3,FALSE))*AT40,"")) | AV40: =IF(ISBLANK(AT40),"",IFERROR((VLOOKUP(AR40,'Food List'!$C:$H,4,FALSE))*AT40,"")) | AW40: =IF(ISBLANK(AT40),"",IFERROR((VLOOKUP(AR40,'Food List'!$C:$H,5,FALSE))*AT40,"")) | AX40: =IF(ISBLANK(AT40),"",IFERROR((VLOOKUP(AR40,'Food List'!$C:$H,6,FALSE))*AT40,"")) | BC40: =IF(ISBLANK(BB40),"",IFERROR((VLOOKUP(BB40,'Food List'!$C:$H,2,FALSE)),"")) | BE40: =IF(ISBLANK(BD40),"",IFERROR((VLOOKUP(BB40,'Food List'!$C:$H,3,FALSE))*BD40,"")) | BF40: =IF(ISBLANK(BD40),"",IFERROR((VLOOKUP(BB40,'Food List'!$C:$H,4,FALSE))*BD40,"")) | BG40: =IF(ISBLANK(BD40),"",IFERROR((VLOOKUP(BB40,'Food List'!$C:$H,5,FALSE))*BD40,"")) | BH40: =IF(ISBLANK(BD40),"",IFERROR((VLOOKUP(BB40,'Food List'!$C:$H,6,FALSE))*BD40,"")) | BM40: =IF(ISBLANK(BL40),"",IFERROR((VLOOKUP(BL40,'Food List'!$C:$H,2,FALSE)),"")) | BO40: =IF(ISBLANK(BN40),"",IFERROR((VLOOKUP(BL40,'Food List'!$C:$H,3,FALSE))*BN40,"")) | BP40: =IF(ISBLANK(BN40),"",IFERROR((VLOOKUP(BL40,'Food List'!$C:$H,4,FALSE))*BN40,"")) | BQ40: =IF(ISBLANK(BN40),"",IFERROR((VLOOKUP(BL40,'Food List'!$C:$H,5,FALSE))*BN40,"")) | BR40: =IF(ISBLANK(BN40),"",IFERROR((VLOOKUP(BL40,'Food List'!$C:$H,6,FALSE))*BN40,""))
E41: =IF(ISBLANK(D41),"",IFERROR((VLOOKUP(D41,'Food List'!$C:$H,2,FALSE)),"")) | G41: =IF(ISBLANK(F41),"",IFERROR((VLOOKUP(D41,'Food List'!$C:$H,3,FALSE))*F41,"")) | H41: =IF(ISBLANK(F41),"",IFERROR((VLOOKUP(D41,'Food List'!$C:$H,4,FALSE))*F41,"")) | I41: =IF(ISBLANK(F41),"",IFERROR((VLOOKUP(D41,'Food List'!$C:$H,5,FALSE))*F41,"")) | J41: =IF(ISBLANK(F41),"",IFERROR((VLOOKUP(D41,'Food List'!$C:$H,6,FALSE))*F41,"")) | O41: =IF(ISBLANK(N41),"",IFERROR((VLOOKUP(N41,'Food List'!$C:$H,2,FALSE)),"")) | Q41: =IF(ISBLANK(P41),"",IFERROR((VLOOKUP(N41,'Food List'!$C:$H,3,FALSE))*P41,"")) | R41: =IF(ISBLANK(P41),"",IFERROR((VLOOKUP(N41,'Food List'!$C:$H,4,FALSE))*P41,"")) | S41: =IF(ISBLANK(P41),"",IFERROR((VLOOKUP(N41,'Food List'!$C:$H,5,FALSE))*P41,"")) | T41: =IF(ISBLANK(P41),"",IFERROR((VLOOKUP(N41,'Food List'!$C:$H,6,FALSE))*P41,"")) | Y41: =IF(ISBLANK(X41),"",IFERROR((VLOOKUP(X41,'Food List'!$C:$H,2,FALSE)),"")) | AA41: =IF(ISBLANK(Z41),"",IFERROR((VLOOKUP(X41,'Food List'!$C:$H,3,FALSE))*Z41,"")) | AB41: =IF(ISBLANK(Z41),"",IFERROR((VLOOKUP(X41,'Food List'!$C:$H,4,FALSE))*Z41,"")) | AC41: =IF(ISBLANK(Z41),"",IFERROR((VLOOKUP(X41,'Food List'!$C:$H,5,FALSE))*Z41,"")) | AD41: =IF(ISBLANK(Z41),"",IFERROR((VLOOKUP(X41,'Food List'!$C:$H,6,FALSE))*Z41,"")) | AI41: =IF(ISBLANK(AH41),"",IFERROR((VLOOKUP(AH41,'Food List'!$C:$H,2,FALSE)),"")) | AK41: =IF(ISBLANK(AJ41),"",IFERROR((VLOOKUP(AH41,'Food List'!$C:$H,3,FALSE))*AJ41,"")) | AL41: =IF(ISBLANK(AJ41),"",IFERROR((VLOOKUP(AH41,'Food List'!$C:$H,4,FALSE))*AJ41,"")) | AM41: =IF(ISBLANK(AJ41),"",IFERROR((VLOOKUP(AH41,'Food List'!$C:$H,5,FALSE))*AJ41,"")) | AN41: =IF(ISBLANK(AJ41),"",IFERROR((VLOOKUP(AH41,'Food List'!$C:$H,6,FALSE))*AJ41,"")) | AS41: =IF(ISBLANK(AR41),"",IFERROR((VLOOKUP(AR41,'Food List'!$C:$H,2,FALSE)),"")) | AU41: =IF(ISBLANK(AT41),"",IFERROR((VLOOKUP(AR41,'Food List'!$C:$H,3,FALSE))*AT41,"")) | AV41: =IF(ISBLANK(AT41),"",IFERROR((VLOOKUP(AR41,'Food List'!$C:$H,4,FALSE))*AT41,"")) | AW41: =IF(ISBLANK(AT41),"",IFERROR((VLOOKUP(AR41,'Food List'!$C:$H,5,FALSE))*AT41,"")) | AX41: =IF(ISBLANK(AT41),"",IFERROR((VLOOKUP(AR41,'Food List'!$C:$H,6,FALSE))*AT41,"")) | BC41: =IF(ISBLANK(BB41),"",IFERROR((VLOOKUP(BB41,'Food List'!$C:$H,2,FALSE)),"")) | BE41: =IF(ISBLANK(BD41),"",IFERROR((VLOOKUP(BB41,'Food List'!$C:$H,3,FALSE))*BD41,"")) | BF41: =IF(ISBLANK(BD41),"",IFERROR((VLOOKUP(BB41,'Food List'!$C:$H,4,FALSE))*BD41,"")) | BG41: =IF(ISBLANK(BD41),"",IFERROR((VLOOKUP(BB41,'Food List'!$C:$H,5,FALSE))*BD41,"")) | BH41: =IF(ISBLANK(BD41),"",IFERROR((VLOOKUP(BB41,'Food List'!$C:$H,6,FALSE))*BD41,"")) | BM41: =IF(ISBLANK(BL41),"",IFERROR((VLOOKUP(BL41,'Food List'!$C:$H,2,FALSE)),"")) | BO41: =IF(ISBLANK(BN41),"",IFERROR((VLOOKUP(BL41,'Food List'!$C:$H,3,FALSE))*BN41,"")) | BP41: =IF(ISBLANK(BN41),"",IFERROR((VLOOKUP(BL41,'Food List'!$C:$H,4,FALSE))*BN41,"")) | BQ41: =IF(ISBLANK(BN41),"",IFERROR((VLOOKUP(BL41,'Food List'!$C:$H,5,FALSE))*BN41,"")) | BR41: =IF(ISBLANK(BN41),"",IFERROR((VLOOKUP(BL41,'Food List'!$C:$H,6,FALSE))*BN41,""))
E42: =IF(ISBLANK(D42),"",IFERROR((VLOOKUP(D42,'Food List'!$C:$H,2,FALSE)),"")) | G42: =IF(ISBLANK(F42),"",IFERROR((VLOOKUP(D42,'Food List'!$C:$H,3,FALSE))*F42,"")) | H42: =IF(ISBLANK(F42),"",IFERROR((VLOOKUP(D42,'Food List'!$C:$H,4,FALSE))*F42,"")) | I42: =IF(ISBLANK(F42),"",IFERROR((VLOOKUP(D42,'Food List'!$C:$H,5,FALSE))*F42,"")) | J42: =IF(ISBLANK(F42),"",IFERROR((VLOOKUP(D42,'Food List'!$C:$H,6,FALSE))*F42,"")) | O42: =IF(ISBLANK(N42),"",IFERROR((VLOOKUP(N42,'Food List'!$C:$H,2,FALSE)),"")) | Q42: =IF(ISBLANK(P42),"",IFERROR((VLOOKUP(N42,'Food List'!$C:$H,3,FALSE))*P42,"")) | R42: =IF(ISBLANK(P42),"",IFERROR((VLOOKUP(N42,'Food List'!$C:$H,4,FALSE))*P42,"")) | S42: =IF(ISBLANK(P42),"",IFERROR((VLOOKUP(N42,'Food List'!$C:$H,5,FALSE))*P42,"")) | T42: =IF(ISBLANK(P42),"",IFERROR((VLOOKUP(N42,'Food List'!$C:$H,6,FALSE))*P42,"")) | Y42: =IF(ISBLANK(X42),"",IFERROR((VLOOKUP(X42,'Food List'!$C:$H,2,FALSE)),"")) | AA42: =IF(ISBLANK(Z42),"",IFERROR((VLOOKUP(X42,'Food List'!$C:$H,3,FALSE))*Z42,"")) | AB42: =IF(ISBLANK(Z42),"",IFERROR((VLOOKUP(X42,'Food List'!$C:$H,4,FALSE))*Z42,"")) | AC42: =IF(ISBLANK(Z42),"",IFERROR((VLOOKUP(X42,'Food List'!$C:$H,5,FALSE))*Z42,"")) | AD42: =IF(ISBLANK(Z42),"",IFERROR((VLOOKUP(X42,'Food List'!$C:$H,6,FALSE))*Z42,"")) | AI42: =IF(ISBLANK(AH42),"",IFERROR((VLOOKUP(AH42,'Food List'!$C:$H,2,FALSE)),"")) | AK42: =IF(ISBLANK(AJ42),"",IFERROR((VLOOKUP(AH42,'Food List'!$C:$H,3,FALSE))*AJ42,"")) | AL42: =IF(ISBLANK(AJ42),"",IFERROR((VLOOKUP(AH42,'Food List'!$C:$H,4,FALSE))*AJ42,"")) | AM42: =IF(ISBLANK(AJ42),"",IFERROR((VLOOKUP(AH42,'Food List'!$C:$H,5,FALSE))*AJ42,"")) | AN42: =IF(ISBLANK(AJ42),"",IFERROR((VLOOKUP(AH42,'Food List'!$C:$H,6,FALSE))*AJ42,"")) | AS42: =IF(ISBLANK(AR42),"",IFERROR((VLOOKUP(AR42,'Food List'!$C:$H,2,FALSE)),"")) | AU42: =IF(ISBLANK(AT42),"",IFERROR((VLOOKUP(AR42,'Food List'!$C:$H,3,FALSE))*AT42,"")) | AV42: =IF(ISBLANK(AT42),"",IFERROR((VLOOKUP(AR42,'Food List'!$C:$H,4,FALSE))*AT42,"")) | AW42: =IF(ISBLANK(AT42),"",IFERROR((VLOOKUP(AR42,'Food List'!$C:$H,5,FALSE))*AT42,"")) | AX42: =IF(ISBLANK(AT42),"",IFERROR((VLOOKUP(AR42,'Food List'!$C:$H,6,FALSE))*AT42,"")) | BC42: =IF(ISBLANK(BB42),"",IFERROR((VLOOKUP(BB42,'Food List'!$C:$H,2,FALSE)),"")) | BE42: =IF(ISBLANK(BD42),"",IFERROR((VLOOKUP(BB42,'Food List'!$C:$H,3,FALSE))*BD42,"")) | BF42: =IF(ISBLANK(BD42),"",IFERROR((VLOOKUP(BB42,'Food List'!$C:$H,4,FALSE))*BD42,"")) | BG42: =IF(ISBLANK(BD42),"",IFERROR((VLOOKUP(BB42,'Food List'!$C:$H,5,FALSE))*BD42,"")) | BH42: =IF(ISBLANK(BD42),"",IFERROR((VLOOKUP(BB42,'Food List'!$C:$H,6,FALSE))*BD42,"")) | BM42: =IF(ISBLANK(BL42),"",IFERROR((VLOOKUP(BL42,'Food List'!$C:$H,2,FALSE)),"")) | BO42: =IF(ISBLANK(BN42),"",IFERROR((VLOOKUP(BL42,'Food List'!$C:$H,3,FALSE))*BN42,"")) | BP42: =IF(ISBLANK(BN42),"",IFERROR((VLOOKUP(BL42,'Food List'!$C:$H,4,FALSE))*BN42,"")) | BQ42: =IF(ISBLANK(BN42),"",IFERROR((VLOOKUP(BL42,'Food List'!$C:$H,5,FALSE))*BN42,"")) | BR42: =IF(ISBLANK(BN42),"",IFERROR((VLOOKUP(BL42,'Food List'!$C:$H,6,FALSE))*BN42,""))
D43: MEAL TOTAL | G43: =IFERROR(SUM(G37:G42),0) -> 0 | H43: =IFERROR(SUM(H37:H42),0) -> 0 | I43: =IFERROR(SUM(I37:I42),0) -> 0 | J43: =IFERROR(SUM(J37:J42),0) -> 0 | N43: MEAL TOTAL | Q43: =IFERROR(SUM(Q37:Q42),0) -> 0 | R43: =IFERROR(SUM(R37:R42),0) -> 0 | S43: =IFERROR(SUM(S37:S42),0) -> 0 | T43: =IFERROR(SUM(T37:T42),0) -> 0 | X43: MEAL TOTAL | AA43: =IFERROR(SUM(AA37:AA42),0) -> 0 | AB43: =IFERROR(SUM(AB37:AB42),0) -> 0 | AC43: =IFERROR(SUM(AC37:AC42),0) -> 0 | AD43: =IFERROR(SUM(AD37:AD42),0) -> 0 | AH43: MEAL TOTAL | AK43: =IFERROR(SUM(AK37:AK42),0) -> 0 | AL43: =IFERROR(SUM(AL37:AL42),0) -> 0 | AM43: =IFERROR(SUM(AM37:AM42),0) -> 0 | AN43: =IFERROR(SUM(AN37:AN42),0) -> 0 | AR43: MEAL TOTAL | AU43: =IFERROR(SUM(AU37:AU42),0) -> 0 | AV43: =IFERROR(SUM(AV37:AV42),0) -> 0 | AW43: =IFERROR(SUM(AW37:AW42),0) -> 0 | AX43: =IFERROR(SUM(AX37:AX42),0) -> 0 | BB43: MEAL TOTAL | BE43: =IFERROR(SUM(BE37:BE42),0) -> 0 | BF43: =IFERROR(SUM(BF37:BF42),0) -> 0 | BG43: =IFERROR(SUM(BG37:BG42),0) -> 0 | BH43: =IFERROR(SUM(BH37:BH42),0) -> 0 | BL43: MEAL TOTAL | BO43: =IFERROR(SUM(BO37:BO42),0) -> 0 | BP43: =IFERROR(SUM(BP37:BP42),0) -> 0 | BQ43: =IFERROR(SUM(BQ37:BQ42),0) -> 0 | BR43: =IFERROR(SUM(BR37:BR42),0) -> 0
B45: M5 | E45: =IF(ISBLANK(D45),"",IFERROR((VLOOKUP(D45,'Food List'!$C:$H,2,FALSE)),"")) | G45: =IF(ISBLANK(F45),"",IFERROR((VLOOKUP(D45,'Food List'!$C:$H,3,FALSE))*F45,"")) | H45: =IF(ISBLANK(F45),"",IFERROR((VLOOKUP(D45,'Food List'!$C:$H,4,FALSE))*F45,"")) | I45: =IF(ISBLANK(F45),"",IFERROR((VLOOKUP(D45,'Food List'!$C:$H,5,FALSE))*F45,"")) | J45: =IF(ISBLANK(F45),"",IFERROR((VLOOKUP(D45,'Food List'!$C:$H,6,FALSE))*F45,"")) | L45: M5 | O45: =IF(ISBLANK(N45),"",IFERROR((VLOOKUP(N45,'Food List'!$C:$H,2,FALSE)),"")) | Q45: =IF(ISBLANK(P45),"",IFERROR((VLOOKUP(N45,'Food List'!$C:$H,3,FALSE))*P45,"")) | R45: =IF(ISBLANK(P45),"",IFERROR((VLOOKUP(N45,'Food List'!$C:$H,4,FALSE))*P45,"")) | S45: =IF(ISBLANK(P45),"",IFERROR((VLOOKUP(N45,'Food List'!$C:$H,5,FALSE))*P45,"")) | T45: =IF(ISBLANK(P45),"",IFERROR((VLOOKUP(N45,'Food List'!$C:$H,6,FALSE))*P45,"")) | V45: M5 | Y45: =IF(ISBLANK(X45),"",IFERROR((VLOOKUP(X45,'Food List'!$C:$H,2,FALSE)),"")) | AA45: =IF(ISBLANK(Z45),"",IFERROR((VLOOKUP(X45,'Food List'!$C:$H,3,FALSE))*Z45,"")) | AB45: =IF(ISBLANK(Z45),"",IFERROR((VLOOKUP(X45,'Food List'!$C:$H,4,FALSE))*Z45,"")) | AC45: =IF(ISBLANK(Z45),"",IFERROR((VLOOKUP(X45,'Food List'!$C:$H,5,FALSE))*Z45,"")) | AD45: =IF(ISBLANK(Z45),"",IFERROR((VLOOKUP(X45,'Food List'!$C:$H,6,FALSE))*Z45,"")) | AF45: M5 | AI45: =IF(ISBLANK(AH45),"",IFERROR((VLOOKUP(AH45,'Food List'!$C:$H,2,FALSE)),"")) | AK45: =IF(ISBLANK(AJ45),"",IFERROR((VLOOKUP(AH45,'Food List'!$C:$H,3,FALSE))*AJ45,"")) | AL45: =IF(ISBLANK(AJ45),"",IFERROR((VLOOKUP(AH45,'Food List'!$C:$H,4,FALSE))*AJ45,"")) | AM45: =IF(ISBLANK(AJ45),"",IFERROR((VLOOKUP(AH45,'Food List'!$C:$H,5,FALSE))*AJ45,"")) | AN45: =IF(ISBLANK(AJ45),"",IFERROR((VLOOKUP(AH45,'Food List'!$C:$H,6,FALSE))*AJ45,"")) | AP45: M5 | AS45: =IF(ISBLANK(AR45),"",IFERROR((VLOOKUP(AR45,'Food List'!$C:$H,2,FALSE)),"")) | AU45: =IF(ISBLANK(AT45),"",IFERROR((VLOOKUP(AR45,'Food List'!$C:$H,3,FALSE))*AT45,"")) | AV45: =IF(ISBLANK(AT45),"",IFERROR((VLOOKUP(AR45,'Food List'!$C:$H,4,FALSE))*AT45,"")) | AW45: =IF(ISBLANK(AT45),"",IFERROR((VLOOKUP(AR45,'Food List'!$C:$H,5,FALSE))*AT45,"")) | AX45: =IF(ISBLANK(AT45),"",IFERROR((VLOOKUP(AR45,'Food List'!$C:$H,6,FALSE))*AT45,"")) | AZ45: M5 | BC45: =IF(ISBLANK(BB45),"",IFERROR((VLOOKUP(BB45,'Food List'!$C:$H,2,FALSE)),"")) | BE45: =IF(ISBLANK(BD45),"",IFERROR((VLOOKUP(BB45,'Food List'!$C:$H,3,FALSE))*BD45,"")) | BF45: =IF(ISBLANK(BD45),"",IFERROR((VLOOKUP(BB45,'Food List'!$C:$H,4,FALSE))*BD45,"")) | BG45: =IF(ISBLANK(BD45),"",IFERROR((VLOOKUP(BB45,'Food List'!$C:$H,5,FALSE))*BD45,"")) | BH45: =IF(ISBLANK(BD45),"",IFERROR((VLOOKUP(BB45,'Food List'!$C:$H,6,FALSE))*BD45,"")) | BJ45: M5 | BM45: =IF(ISBLANK(BL45),"",IFERROR((VLOOKUP(BL45,'Food List'!$C:$H,2,FALSE)),"")) | BO45: =IF(ISBLANK(BN45),"",IFERROR((VLOOKUP(BL45,'Food List'!$C:$H,3,FALSE))*BN45,"")) | BP45: =IF(ISBLANK(BN45),"",IFERROR((VLOOKUP(BL45,'Food List'!$C:$H,4,FALSE))*BN45,"")) | BQ45: =IF(ISBLANK(BN45),"",IFERROR((VLOOKUP(BL45,'Food List'!$C:$H,5,FALSE))*BN45,"")) | BR45: =IF(ISBLANK(BN45),"",IFERROR((VLOOKUP(BL45,'Food List'!$C:$H,6,FALSE))*BN45,""))
E46: =IF(ISBLANK(D46),"",IFERROR((VLOOKUP(D46,'Food List'!$C:$H,2,FALSE)),"")) | G46: =IF(ISBLANK(F46),"",IFERROR((VLOOKUP(D46,'Food List'!$C:$H,3,FALSE))*F46,"")) | H46: =IF(ISBLANK(F46),"",IFERROR((VLOOKUP(D46,'Food List'!$C:$H,4,FALSE))*F46,"")) | I46: =IF(ISBLANK(F46),"",IFERROR((VLOOKUP(D46,'Food List'!$C:$H,5,FALSE))*F46,"")) | J46: =IF(ISBLANK(F46),"",IFERROR((VLOOKUP(D46,'Food List'!$C:$H,6,FALSE))*F46,"")) | O46: =IF(ISBLANK(N46),"",IFERROR((VLOOKUP(N46,'Food List'!$C:$H,2,FALSE)),"")) | Q46: =IF(ISBLANK(P46),"",IFERROR((VLOOKUP(N46,'Food List'!$C:$H,3,FALSE))*P46,"")) | R46: =IF(ISBLANK(P46),"",IFERROR((VLOOKUP(N46,'Food List'!$C:$H,4,FALSE))*P46,"")) | S46: =IF(ISBLANK(P46),"",IFERROR((VLOOKUP(N46,'Food List'!$C:$H,5,FALSE))*P46,"")) | T46: =IF(ISBLANK(P46),"",IFERROR((VLOOKUP(N46,'Food List'!$C:$H,6,FALSE))*P46,"")) | Y46: =IF(ISBLANK(X46),"",IFERROR((VLOOKUP(X46,'Food List'!$C:$H,2,FALSE)),"")) | AA46: =IF(ISBLANK(Z46),"",IFERROR((VLOOKUP(X46,'Food List'!$C:$H,3,FALSE))*Z46,"")) | AB46: =IF(ISBLANK(Z46),"",IFERROR((VLOOKUP(X46,'Food List'!$C:$H,4,FALSE))*Z46,"")) | AC46: =IF(ISBLANK(Z46),"",IFERROR((VLOOKUP(X46,'Food List'!$C:$H,5,FALSE))*Z46,"")) | AD46: =IF(ISBLANK(Z46),"",IFERROR((VLOOKUP(X46,'Food List'!$C:$H,6,FALSE))*Z46,"")) | AI46: =IF(ISBLANK(AH46),"",IFERROR((VLOOKUP(AH46,'Food List'!$C:$H,2,FALSE)),"")) | AK46: =IF(ISBLANK(AJ46),"",IFERROR((VLOOKUP(AH46,'Food List'!$C:$H,3,FALSE))*AJ46,"")) | AL46: =IF(ISBLANK(AJ46),"",IFERROR((VLOOKUP(AH46,'Food List'!$C:$H,4,FALSE))*AJ46,"")) | AM46: =IF(ISBLANK(AJ46),"",IFERROR((VLOOKUP(AH46,'Food List'!$C:$H,5,FALSE))*AJ46,"")) | AN46: =IF(ISBLANK(AJ46),"",IFERROR((VLOOKUP(AH46,'Food List'!$C:$H,6,FALSE))*AJ46,"")) | AS46: =IF(ISBLANK(AR46),"",IFERROR((VLOOKUP(AR46,'Food List'!$C:$H,2,FALSE)),"")) | AU46: =IF(ISBLANK(AT46),"",IFERROR((VLOOKUP(AR46,'Food List'!$C:$H,3,FALSE))*AT46,"")) | AV46: =IF(ISBLANK(AT46),"",IFERROR((VLOOKUP(AR46,'Food List'!$C:$H,4,FALSE))*AT46,"")) | AW46: =IF(ISBLANK(AT46),"",IFERROR((VLOOKUP(AR46,'Food List'!$C:$H,5,FALSE))*AT46,"")) | AX46: =IF(ISBLANK(AT46),"",IFERROR((VLOOKUP(AR46,'Food List'!$C:$H,6,FALSE))*AT46,"")) | BC46: =IF(ISBLANK(BB46),"",IFERROR((VLOOKUP(BB46,'Food List'!$C:$H,2,FALSE)),"")) | BE46: =IF(ISBLANK(BD46),"",IFERROR((VLOOKUP(BB46,'Food List'!$C:$H,3,FALSE))*BD46,"")) | BF46: =IF(ISBLANK(BD46),"",IFERROR((VLOOKUP(BB46,'Food List'!$C:$H,4,FALSE))*BD46,"")) | BG46: =IF(ISBLANK(BD46),"",IFERROR((VLOOKUP(BB46,'Food List'!$C:$H,5,FALSE))*BD46,"")) | BH46: =IF(ISBLANK(BD46),"",IFERROR((VLOOKUP(BB46,'Food List'!$C:$H,6,FALSE))*BD46,"")) | BM46: =IF(ISBLANK(BL46),"",IFERROR((VLOOKUP(BL46,'Food List'!$C:$H,2,FALSE)),"")) | BO46: =IF(ISBLANK(BN46),"",IFERROR((VLOOKUP(BL46,'Food List'!$C:$H,3,FALSE))*BN46,"")) | BP46: =IF(ISBLANK(BN46),"",IFERROR((VLOOKUP(BL46,'Food List'!$C:$H,4,FALSE))*BN46,"")) | BQ46: =IF(ISBLANK(BN46),"",IFERROR((VLOOKUP(BL46,'Food List'!$C:$H,5,FALSE))*BN46,"")) | BR46: =IF(ISBLANK(BN46),"",IFERROR((VLOOKUP(BL46,'Food List'!$C:$H,6,FALSE))*BN46,""))
E47: =IF(ISBLANK(D47),"",IFERROR((VLOOKUP(D47,'Food List'!$C:$H,2,FALSE)),"")) | G47: =IF(ISBLANK(F47),"",IFERROR((VLOOKUP(D47,'Food List'!$C:$H,3,FALSE))*F47,"")) | H47: =IF(ISBLANK(F47),"",IFERROR((VLOOKUP(D47,'Food List'!$C:$H,4,FALSE))*F47,"")) | I47: =IF(ISBLANK(F47),"",IFERROR((VLOOKUP(D47,'Food List'!$C:$H,5,FALSE))*F47,"")) | J47: =IF(ISBLANK(F47),"",IFERROR((VLOOKUP(D47,'Food List'!$C:$H,6,FALSE))*F47,"")) | O47: =IF(ISBLANK(N47),"",IFERROR((VLOOKUP(N47,'Food List'!$C:$H,2,FALSE)),"")) | Q47: =IF(ISBLANK(P47),"",IFERROR((VLOOKUP(N47,'Food List'!$C:$H,3,FALSE))*P47,"")) | R47: =IF(ISBLANK(P47),"",IFERROR((VLOOKUP(N47,'Food List'!$C:$H,4,FALSE))*P47,"")) | S47: =IF(ISBLANK(P47),"",IFERROR((VLOOKUP(N47,'Food List'!$C:$H,5,FALSE))*P47,"")) | T47: =IF(ISBLANK(P47),"",IFERROR((VLOOKUP(N47,'Food List'!$C:$H,6,FALSE))*P47,"")) | Y47: =IF(ISBLANK(X47),"",IFERROR((VLOOKUP(X47,'Food List'!$C:$H,2,FALSE)),"")) | AA47: =IF(ISBLANK(Z47),"",IFERROR((VLOOKUP(X47,'Food List'!$C:$H,3,FALSE))*Z47,"")) | AB47: =IF(ISBLANK(Z47),"",IFERROR((VLOOKUP(X47,'Food List'!$C:$H,4,FALSE))*Z47,"")) | AC47: =IF(ISBLANK(Z47),"",IFERROR((VLOOKUP(X47,'Food List'!$C:$H,5,FALSE))*Z47,"")) | AD47: =IF(ISBLANK(Z47),"",IFERROR((VLOOKUP(X47,'Food List'!$C:$H,6,FALSE))*Z47,"")) | AI47: =IF(ISBLANK(AH47),"",IFERROR((VLOOKUP(AH47,'Food List'!$C:$H,2,FALSE)),"")) | AK47: =IF(ISBLANK(AJ47),"",IFERROR((VLOOKUP(AH47,'Food List'!$C:$H,3,FALSE))*AJ47,"")) | AL47: =IF(ISBLANK(AJ47),"",IFERROR((VLOOKUP(AH47,'Food List'!$C:$H,4,FALSE))*AJ47,"")) | AM47: =IF(ISBLANK(AJ47),"",IFERROR((VLOOKUP(AH47,'Food List'!$C:$H,5,FALSE))*AJ47,"")) | AN47: =IF(ISBLANK(AJ47),"",IFERROR((VLOOKUP(AH47,'Food List'!$C:$H,6,FALSE))*AJ47,"")) | AS47: =IF(ISBLANK(AR47),"",IFERROR((VLOOKUP(AR47,'Food List'!$C:$H,2,FALSE)),"")) | AU47: =IF(ISBLANK(AT47),"",IFERROR((VLOOKUP(AR47,'Food List'!$C:$H,3,FALSE))*AT47,"")) | AV47: =IF(ISBLANK(AT47),"",IFERROR((VLOOKUP(AR47,'Food List'!$C:$H,4,FALSE))*AT47,"")) | AW47: =IF(ISBLANK(AT47),"",IFERROR((VLOOKUP(AR47,'Food List'!$C:$H,5,FALSE))*AT47,"")) | AX47: =IF(ISBLANK(AT47),"",IFERROR((VLOOKUP(AR47,'Food List'!$C:$H,6,FALSE))*AT47,"")) | BC47: =IF(ISBLANK(BB47),"",IFERROR((VLOOKUP(BB47,'Food List'!$C:$H,2,FALSE)),"")) | BE47: =IF(ISBLANK(BD47),"",IFERROR((VLOOKUP(BB47,'Food List'!$C:$H,3,FALSE))*BD47,"")) | BF47: =IF(ISBLANK(BD47),"",IFERROR((VLOOKUP(BB47,'Food List'!$C:$H,4,FALSE))*BD47,"")) | BG47: =IF(ISBLANK(BD47),"",IFERROR((VLOOKUP(BB47,'Food List'!$C:$H,5,FALSE))*BD47,"")) | BH47: =IF(ISBLANK(BD47),"",IFERROR((VLOOKUP(BB47,'Food List'!$C:$H,6,FALSE))*BD47,"")) | BM47: =IF(ISBLANK(BL47),"",IFERROR((VLOOKUP(BL47,'Food List'!$C:$H,2,FALSE)),"")) | BO47: =IF(ISBLANK(BN47),"",IFERROR((VLOOKUP(BL47,'Food List'!$C:$H,3,FALSE))*BN47,"")) | BP47: =IF(ISBLANK(BN47),"",IFERROR((VLOOKUP(BL47,'Food List'!$C:$H,4,FALSE))*BN47,"")) | BQ47: =IF(ISBLANK(BN47),"",IFERROR((VLOOKUP(BL47,'Food List'!$C:$H,5,FALSE))*BN47,"")) | BR47: =IF(ISBLANK(BN47),"",IFERROR((VLOOKUP(BL47,'Food List'!$C:$H,6,FALSE))*BN47,""))
E48: =IF(ISBLANK(D48),"",IFERROR((VLOOKUP(D48,'Food List'!$C:$H,2,FALSE)),"")) | G48: =IF(ISBLANK(F48),"",IFERROR((VLOOKUP(D48,'Food List'!$C:$H,3,FALSE))*F48,"")) | H48: =IF(ISBLANK(F48),"",IFERROR((VLOOKUP(D48,'Food List'!$C:$H,4,FALSE))*F48,"")) | I48: =IF(ISBLANK(F48),"",IFERROR((VLOOKUP(D48,'Food List'!$C:$H,5,FALSE))*F48,"")) | J48: =IF(ISBLANK(F48),"",IFERROR((VLOOKUP(D48,'Food List'!$C:$H,6,FALSE))*F48,"")) | O48: =IF(ISBLANK(N48),"",IFERROR((VLOOKUP(N48,'Food List'!$C:$H,2,FALSE)),"")) | Q48: =IF(ISBLANK(P48),"",IFERROR((VLOOKUP(N48,'Food List'!$C:$H,3,FALSE))*P48,"")) | R48: =IF(ISBLANK(P48),"",IFERROR((VLOOKUP(N48,'Food List'!$C:$H,4,FALSE))*P48,"")) | S48: =IF(ISBLANK(P48),"",IFERROR((VLOOKUP(N48,'Food List'!$C:$H,5,FALSE))*P48,"")) | T48: =IF(ISBLANK(P48),"",IFERROR((VLOOKUP(N48,'Food List'!$C:$H,6,FALSE))*P48,"")) | Y48: =IF(ISBLANK(X48),"",IFERROR((VLOOKUP(X48,'Food List'!$C:$H,2,FALSE)),"")) | AA48: =IF(ISBLANK(Z48),"",IFERROR((VLOOKUP(X48,'Food List'!$C:$H,3,FALSE))*Z48,"")) | AB48: =IF(ISBLANK(Z48),"",IFERROR((VLOOKUP(X48,'Food List'!$C:$H,4,FALSE))*Z48,"")) | AC48: =IF(ISBLANK(Z48),"",IFERROR((VLOOKUP(X48,'Food List'!$C:$H,5,FALSE))*Z48,"")) | AD48: =IF(ISBLANK(Z48),"",IFERROR((VLOOKUP(X48,'Food List'!$C:$H,6,FALSE))*Z48,"")) | AI48: =IF(ISBLANK(AH48),"",IFERROR((VLOOKUP(AH48,'Food List'!$C:$H,2,FALSE)),"")) | AK48: =IF(ISBLANK(AJ48),"",IFERROR((VLOOKUP(AH48,'Food List'!$C:$H,3,FALSE))*AJ48,"")) | AL48: =IF(ISBLANK(AJ48),"",IFERROR((VLOOKUP(AH48,'Food List'!$C:$H,4,FALSE))*AJ48,"")) | AM48: =IF(ISBLANK(AJ48),"",IFERROR((VLOOKUP(AH48,'Food List'!$C:$H,5,FALSE))*AJ48,"")) | AN48: =IF(ISBLANK(AJ48),"",IFERROR((VLOOKUP(AH48,'Food List'!$C:$H,6,FALSE))*AJ48,"")) | AS48: =IF(ISBLANK(AR48),"",IFERROR((VLOOKUP(AR48,'Food List'!$C:$H,2,FALSE)),"")) | AU48: =IF(ISBLANK(AT48),"",IFERROR((VLOOKUP(AR48,'Food List'!$C:$H,3,FALSE))*AT48,"")) | AV48: =IF(ISBLANK(AT48),"",IFERROR((VLOOKUP(AR48,'Food List'!$C:$H,4,FALSE))*AT48,"")) | AW48: =IF(ISBLANK(AT48),"",IFERROR((VLOOKUP(AR48,'Food List'!$C:$H,5,FALSE))*AT48,"")) | AX48: =IF(ISBLANK(AT48),"",IFERROR((VLOOKUP(AR48,'Food List'!$C:$H,6,FALSE))*AT48,"")) | BC48: =IF(ISBLANK(BB48),"",IFERROR((VLOOKUP(BB48,'Food List'!$C:$H,2,FALSE)),"")) | BE48: =IF(ISBLANK(BD48),"",IFERROR((VLOOKUP(BB48,'Food List'!$C:$H,3,FALSE))*BD48,"")) | BF48: =IF(ISBLANK(BD48),"",IFERROR((VLOOKUP(BB48,'Food List'!$C:$H,4,FALSE))*BD48,"")) | BG48: =IF(ISBLANK(BD48),"",IFERROR((VLOOKUP(BB48,'Food List'!$C:$H,5,FALSE))*BD48,"")) | BH48: =IF(ISBLANK(BD48),"",IFERROR((VLOOKUP(BB48,'Food List'!$C:$H,6,FALSE))*BD48,"")) | BM48: =IF(ISBLANK(BL48),"",IFERROR((VLOOKUP(BL48,'Food List'!$C:$H,2,FALSE)),"")) | BO48: =IF(ISBLANK(BN48),"",IFERROR((VLOOKUP(BL48,'Food List'!$C:$H,3,FALSE))*BN48,"")) | BP48: =IF(ISBLANK(BN48),"",IFERROR((VLOOKUP(BL48,'Food List'!$C:$H,4,FALSE))*BN48,"")) | BQ48: =IF(ISBLANK(BN48),"",IFERROR((VLOOKUP(BL48,'Food List'!$C:$H,5,FALSE))*BN48,"")) | BR48: =IF(ISBLANK(BN48),"",IFERROR((VLOOKUP(BL48,'Food List'!$C:$H,6,FALSE))*BN48,""))
E49: =IF(ISBLANK(D49),"",IFERROR((VLOOKUP(D49,'Food List'!$C:$H,2,FALSE)),"")) | G49: =IF(ISBLANK(F49),"",IFERROR((VLOOKUP(D49,'Food List'!$C:$H,3,FALSE))*F49,"")) | H49: =IF(ISBLANK(F49),"",IFERROR((VLOOKUP(D49,'Food List'!$C:$H,4,FALSE))*F49,"")) | I49: =IF(ISBLANK(F49),"",IFERROR((VLOOKUP(D49,'Food List'!$C:$H,5,FALSE))*F49,"")) | J49: =IF(ISBLANK(F49),"",IFERROR((VLOOKUP(D49,'Food List'!$C:$H,6,FALSE))*F49,"")) | O49: =IF(ISBLANK(N49),"",IFERROR((VLOOKUP(N49,'Food List'!$C:$H,2,FALSE)),"")) | Q49: =IF(ISBLANK(P49),"",IFERROR((VLOOKUP(N49,'Food List'!$C:$H,3,FALSE))*P49,"")) | R49: =IF(ISBLANK(P49),"",IFERROR((VLOOKUP(N49,'Food List'!$C:$H,4,FALSE))*P49,"")) | S49: =IF(ISBLANK(P49),"",IFERROR((VLOOKUP(N49,'Food List'!$C:$H,5,FALSE))*P49,"")) | T49: =IF(ISBLANK(P49),"",IFERROR((VLOOKUP(N49,'Food List'!$C:$H,6,FALSE))*P49,"")) | Y49: =IF(ISBLANK(X49),"",IFERROR((VLOOKUP(X49,'Food List'!$C:$H,2,FALSE)),"")) | AA49: =IF(ISBLANK(Z49),"",IFERROR((VLOOKUP(X49,'Food List'!$C:$H,3,FALSE))*Z49,"")) | AB49: =IF(ISBLANK(Z49),"",IFERROR((VLOOKUP(X49,'Food List'!$C:$H,4,FALSE))*Z49,"")) | AC49: =IF(ISBLANK(Z49),"",IFERROR((VLOOKUP(X49,'Food List'!$C:$H,5,FALSE))*Z49,"")) | AD49: =IF(ISBLANK(Z49),"",IFERROR((VLOOKUP(X49,'Food List'!$C:$H,6,FALSE))*Z49,"")) | AI49: =IF(ISBLANK(AH49),"",IFERROR((VLOOKUP(AH49,'Food List'!$C:$H,2,FALSE)),"")) | AK49: =IF(ISBLANK(AJ49),"",IFERROR((VLOOKUP(AH49,'Food List'!$C:$H,3,FALSE))*AJ49,"")) | AL49: =IF(ISBLANK(AJ49),"",IFERROR((VLOOKUP(AH49,'Food List'!$C:$H,4,FALSE))*AJ49,"")) | AM49: =IF(ISBLANK(AJ49),"",IFERROR((VLOOKUP(AH49,'Food List'!$C:$H,5,FALSE))*AJ49,"")) | AN49: =IF(ISBLANK(AJ49),"",IFERROR((VLOOKUP(AH49,'Food List'!$C:$H,6,FALSE))*AJ49,"")) | AS49: =IF(ISBLANK(AR49),"",IFERROR((VLOOKUP(AR49,'Food List'!$C:$H,2,FALSE)),"")) | AU49: =IF(ISBLANK(AT49),"",IFERROR((VLOOKUP(AR49,'Food List'!$C:$H,3,FALSE))*AT49,"")) | AV49: =IF(ISBLANK(AT49),"",IFERROR((VLOOKUP(AR49,'Food List'!$C:$H,4,FALSE))*AT49,"")) | AW49: =IF(ISBLANK(AT49),"",IFERROR((VLOOKUP(AR49,'Food List'!$C:$H,5,FALSE))*AT49,"")) | AX49: =IF(ISBLANK(AT49),"",IFERROR((VLOOKUP(AR49,'Food List'!$C:$H,6,FALSE))*AT49,"")) | BC49: =IF(ISBLANK(BB49),"",IFERROR((VLOOKUP(BB49,'Food List'!$C:$H,2,FALSE)),"")) | BE49: =IF(ISBLANK(BD49),"",IFERROR((VLOOKUP(BB49,'Food List'!$C:$H,3,FALSE))*BD49,"")) | BF49: =IF(ISBLANK(BD49),"",IFERROR((VLOOKUP(BB49,'Food List'!$C:$H,4,FALSE))*BD49,"")) | BG49: =IF(ISBLANK(BD49),"",IFERROR((VLOOKUP(BB49,'Food List'!$C:$H,5,FALSE))*BD49,"")) | BH49: =IF(ISBLANK(BD49),"",IFERROR((VLOOKUP(BB49,'Food List'!$C:$H,6,FALSE))*BD49,"")) | BM49: =IF(ISBLANK(BL49),"",IFERROR((VLOOKUP(BL49,'Food List'!$C:$H,2,FALSE)),"")) | BO49: =IF(ISBLANK(BN49),"",IFERROR((VLOOKUP(BL49,'Food List'!$C:$H,3,FALSE))*BN49,"")) | BP49: =IF(ISBLANK(BN49),"",IFERROR((VLOOKUP(BL49,'Food List'!$C:$H,4,FALSE))*BN49,"")) | BQ49: =IF(ISBLANK(BN49),"",IFERROR((VLOOKUP(BL49,'Food List'!$C:$H,5,FALSE))*BN49,"")) | BR49: =IF(ISBLANK(BN49),"",IFERROR((VLOOKUP(BL49,'Food List'!$C:$H,6,FALSE))*BN49,""))
E50: =IF(ISBLANK(D50),"",IFERROR((VLOOKUP(D50,'Food List'!$C:$H,2,FALSE)),"")) | G50: =IF(ISBLANK(F50),"",IFERROR((VLOOKUP(D50,'Food List'!$C:$H,3,FALSE))*F50,"")) | H50: =IF(ISBLANK(F50),"",IFERROR((VLOOKUP(D50,'Food List'!$C:$H,4,FALSE))*F50,"")) | I50: =IF(ISBLANK(F50),"",IFERROR((VLOOKUP(D50,'Food List'!$C:$H,5,FALSE))*F50,"")) | J50: =IF(ISBLANK(F50),"",IFERROR((VLOOKUP(D50,'Food List'!$C:$H,6,FALSE))*F50,"")) | O50: =IF(ISBLANK(N50),"",IFERROR((VLOOKUP(N50,'Food List'!$C:$H,2,FALSE)),"")) | Q50: =IF(ISBLANK(P50),"",IFERROR((VLOOKUP(N50,'Food List'!$C:$H,3,FALSE))*P50,"")) | R50: =IF(ISBLANK(P50),"",IFERROR((VLOOKUP(N50,'Food List'!$C:$H,4,FALSE))*P50,"")) | S50: =IF(ISBLANK(P50),"",IFERROR((VLOOKUP(N50,'Food List'!$C:$H,5,FALSE))*P50,"")) | T50: =IF(ISBLANK(P50),"",IFERROR((VLOOKUP(N50,'Food List'!$C:$H,6,FALSE))*P50,"")) | Y50: =IF(ISBLANK(X50),"",IFERROR((VLOOKUP(X50,'Food List'!$C:$H,2,FALSE)),"")) | AA50: =IF(ISBLANK(Z50),"",IFERROR((VLOOKUP(X50,'Food List'!$C:$H,3,FALSE))*Z50,"")) | AB50: =IF(ISBLANK(Z50),"",IFERROR((VLOOKUP(X50,'Food List'!$C:$H,4,FALSE))*Z50,"")) | AC50: =IF(ISBLANK(Z50),"",IFERROR((VLOOKUP(X50,'Food List'!$C:$H,5,FALSE))*Z50,"")) | AD50: =IF(ISBLANK(Z50),"",IFERROR((VLOOKUP(X50,'Food List'!$C:$H,6,FALSE))*Z50,"")) | AI50: =IF(ISBLANK(AH50),"",IFERROR((VLOOKUP(AH50,'Food List'!$C:$H,2,FALSE)),"")) | AK50: =IF(ISBLANK(AJ50),"",IFERROR((VLOOKUP(AH50,'Food List'!$C:$H,3,FALSE))*AJ50,"")) | AL50: =IF(ISBLANK(AJ50),"",IFERROR((VLOOKUP(AH50,'Food List'!$C:$H,4,FALSE))*AJ50,"")) | AM50: =IF(ISBLANK(AJ50),"",IFERROR((VLOOKUP(AH50,'Food List'!$C:$H,5,FALSE))*AJ50,"")) | AN50: =IF(ISBLANK(AJ50),"",IFERROR((VLOOKUP(AH50,'Food List'!$C:$H,6,FALSE))*AJ50,"")) | AS50: =IF(ISBLANK(AR50),"",IFERROR((VLOOKUP(AR50,'Food List'!$C:$H,2,FALSE)),"")) | AU50: =IF(ISBLANK(AT50),"",IFERROR((VLOOKUP(AR50,'Food List'!$C:$H,3,FALSE))*AT50,"")) | AV50: =IF(ISBLANK(AT50),"",IFERROR((VLOOKUP(AR50,'Food List'!$C:$H,4,FALSE))*AT50,"")) | AW50: =IF(ISBLANK(AT50),"",IFERROR((VLOOKUP(AR50,'Food List'!$C:$H,5,FALSE))*AT50,"")) | AX50: =IF(ISBLANK(AT50),"",IFERROR((VLOOKUP(AR50,'Food List'!$C:$H,6,FALSE))*AT50,"")) | BC50: =IF(ISBLANK(BB50),"",IFERROR((VLOOKUP(BB50,'Food List'!$C:$H,2,FALSE)),"")) | BE50: =IF(ISBLANK(BD50),"",IFERROR((VLOOKUP(BB50,'Food List'!$C:$H,3,FALSE))*BD50,"")) | BF50: =IF(ISBLANK(BD50),"",IFERROR((VLOOKUP(BB50,'Food List'!$C:$H,4,FALSE))*BD50,"")) | BG50: =IF(ISBLANK(BD50),"",IFERROR((VLOOKUP(BB50,'Food List'!$C:$H,5,FALSE))*BD50,"")) | BH50: =IF(ISBLANK(BD50),"",IFERROR((VLOOKUP(BB50,'Food List'!$C:$H,6,FALSE))*BD50,"")) | BM50: =IF(ISBLANK(BL50),"",IFERROR((VLOOKUP(BL50,'Food List'!$C:$H,2,FALSE)),"")) | BO50: =IF(ISBLANK(BN50),"",IFERROR((VLOOKUP(BL50,'Food List'!$C:$H,3,FALSE))*BN50,"")) | BP50: =IF(ISBLANK(BN50),"",IFERROR((VLOOKUP(BL50,'Food List'!$C:$H,4,FALSE))*BN50,"")) | BQ50: =IF(ISBLANK(BN50),"",IFERROR((VLOOKUP(BL50,'Food List'!$C:$H,5,FALSE))*BN50,"")) | BR50: =IF(ISBLANK(BN50),"",IFERROR((VLOOKUP(BL50,'Food List'!$C:$H,6,FALSE))*BN50,""))
D51: MEAL TOTAL | G51: =IFERROR(SUM(G45:G50),0) -> 0 | H51: =IFERROR(SUM(H45:H50),0) -> 0 | I51: =IFERROR(SUM(I45:I50),0) -> 0 | J51: =IFERROR(SUM(J45:J50),0) -> 0 | N51: MEAL TOTAL | Q51: =IFERROR(SUM(Q45:Q50),0) -> 0 | R51: =IFERROR(SUM(R45:R50),0) -> 0 | S51: =IFERROR(SUM(S45:S50),0) -> 0 | T51: =IFERROR(SUM(T45:T50),0) -> 0 | X51: MEAL TOTAL | AA51: =IFERROR(SUM(AA45:AA50),0) -> 0 | AB51: =IFERROR(SUM(AB45:AB50),0) -> 0 | AC51: =IFERROR(SUM(AC45:AC50),0) -> 0 | AD51: =IFERROR(SUM(AD45:AD50),0) -> 0 | AH51: MEAL TOTAL | AK51: =IFERROR(SUM(AK45:AK50),0) -> 0 | AL51: =IFERROR(SUM(AL45:AL50),0) -> 0 | AM51: =IFERROR(SUM(AM45:AM50),0) -> 0 | AN51: =IFERROR(SUM(AN45:AN50),0) -> 0 | AR51: MEAL TOTAL | AU51: =IFERROR(SUM(AU45:AU50),0) -> 0 | AV51: =IFERROR(SUM(AV45:AV50),0) -> 0 | AW51: =IFERROR(SUM(AW45:AW50),0) -> 0 | AX51: =IFERROR(SUM(AX45:AX50),0) -> 0 | BB51: MEAL TOTAL | BE51: =IFERROR(SUM(BE45:BE50),0) -> 0 | BF51: =IFERROR(SUM(BF45:BF50),0) -> 0 | BG51: =IFERROR(SUM(BG45:BG50),0) -> 0 | BH51: =IFERROR(SUM(BH45:BH50),0) -> 0 | BL51: MEAL TOTAL | BO51: =IFERROR(SUM(BO45:BO50),0) -> 0 | BP51: =IFERROR(SUM(BP45:BP50),0) -> 0 | BQ51: =IFERROR(SUM(BQ45:BQ50),0) -> 0 | BR51: =IFERROR(SUM(BR45:BR50),0) -> 0
B53: INTRA | E53: =IF(ISBLANK(D53),"",IFERROR((VLOOKUP(D53,'Food List'!$C:$H,2,FALSE)),"")) | G53: =IF(ISBLANK(F53),"",IFERROR((VLOOKUP(D53,'Food List'!$C:$H,3,FALSE))*F53,"")) | H53: =IF(ISBLANK(F53),"",IFERROR((VLOOKUP(D53,'Food List'!$C:$H,4,FALSE))*F53,"")) | I53: =IF(ISBLANK(F53),"",IFERROR((VLOOKUP(D53,'Food List'!$C:$H,5,FALSE))*F53,"")) | J53: =IF(ISBLANK(F53),"",IFERROR((VLOOKUP(D53,'Food List'!$C:$H,6,FALSE))*F53,"")) | L53: INTRA | O53: =IF(ISBLANK(N53),"",IFERROR((VLOOKUP(N53,'Food List'!$C:$H,2,FALSE)),"")) | Q53: =IF(ISBLANK(P53),"",IFERROR((VLOOKUP(N53,'Food List'!$C:$H,3,FALSE))*P53,"")) | R53: =IF(ISBLANK(P53),"",IFERROR((VLOOKUP(N53,'Food List'!$C:$H,4,FALSE))*P53,"")) | S53: =IF(ISBLANK(P53),"",IFERROR((VLOOKUP(N53,'Food List'!$C:$H,5,FALSE))*P53,"")) | T53: =IF(ISBLANK(P53),"",IFERROR((VLOOKUP(N53,'Food List'!$C:$H,6,FALSE))*P53,"")) | V53: INTRA | Y53: =IF(ISBLANK(X53),"",IFERROR((VLOOKUP(X53,'Food List'!$C:$H,2,FALSE)),"")) | AA53: =IF(ISBLANK(Z53),"",IFERROR((VLOOKUP(X53,'Food List'!$C:$H,3,FALSE))*Z53,"")) | AB53: =IF(ISBLANK(Z53),"",IFERROR((VLOOKUP(X53,'Food List'!$C:$H,4,FALSE))*Z53,"")) | AC53: =IF(ISBLANK(Z53),"",IFERROR((VLOOKUP(X53,'Food List'!$C:$H,5,FALSE))*Z53,"")) | AD53: =IF(ISBLANK(Z53),"",IFERROR((VLOOKUP(X53,'Food List'!$C:$H,6,FALSE))*Z53,"")) | AF53: INTRA | AI53: =IF(ISBLANK(AH53),"",IFERROR((VLOOKUP(AH53,'Food List'!$C:$H,2,FALSE)),"")) | AK53: =IF(ISBLANK(AJ53),"",IFERROR((VLOOKUP(AH53,'Food List'!$C:$H,3,FALSE))*AJ53,"")) | AL53: =IF(ISBLANK(AJ53),"",IFERROR((VLOOKUP(AH53,'Food List'!$C:$H,4,FALSE))*AJ53,"")) | AM53: =IF(ISBLANK(AJ53),"",IFERROR((VLOOKUP(AH53,'Food List'!$C:$H,5,FALSE))*AJ53,"")) | AN53: =IF(ISBLANK(AJ53),"",IFERROR((VLOOKUP(AH53,'Food List'!$C:$H,6,FALSE))*AJ53,"")) | AP53: INTRA | AS53: =IF(ISBLANK(AR53),"",IFERROR((VLOOKUP(AR53,'Food List'!$C:$H,2,FALSE)),"")) | AU53: =IF(ISBLANK(AT53),"",IFERROR((VLOOKUP(AR53,'Food List'!$C:$H,3,FALSE))*AT53,"")) | AV53: =IF(ISBLANK(AT53),"",IFERROR((VLOOKUP(AR53,'Food List'!$C:$H,4,FALSE))*AT53,"")) | AW53: =IF(ISBLANK(AT53),"",IFERROR((VLOOKUP(AR53,'Food List'!$C:$H,5,FALSE))*AT53,"")) | AX53: =IF(ISBLANK(AT53),"",IFERROR((VLOOKUP(AR53,'Food List'!$C:$H,6,FALSE))*AT53,"")) | AZ53: INTRA | BC53: =IF(ISBLANK(BB53),"",IFERROR((VLOOKUP(BB53,'Food List'!$C:$H,2,FALSE)),"")) | BE53: =IF(ISBLANK(BD53),"",IFERROR((VLOOKUP(BB53,'Food List'!$C:$H,3,FALSE))*BD53,"")) | BF53: =IF(ISBLANK(BD53),"",IFERROR((VLOOKUP(BB53,'Food List'!$C:$H,4,FALSE))*BD53,"")) | BG53: =IF(ISBLANK(BD53),"",IFERROR((VLOOKUP(BB53,'Food List'!$C:$H,5,FALSE))*BD53,"")) | BH53: =IF(ISBLANK(BD53),"",IFERROR((VLOOKUP(BB53,'Food List'!$C:$H,6,FALSE))*BD53,"")) | BJ53: INTRA | BM53: =IF(ISBLANK(BL53),"",IFERROR((VLOOKUP(BL53,'Food List'!$C:$H,2,FALSE)),"")) | BO53: =IF(ISBLANK(BN53),"",IFERROR((VLOOKUP(BL53,'Food List'!$C:$H,3,FALSE))*BN53,"")) | BP53: =IF(ISBLANK(BN53),"",IFERROR((VLOOKUP(BL53,'Food List'!$C:$H,4,FALSE))*BN53,"")) | BQ53: =IF(ISBLANK(BN53),"",IFERROR((VLOOKUP(BL53,'Food List'!$C:$H,5,FALSE))*BN53,"")) | BR53: =IF(ISBLANK(BN53),"",IFERROR((VLOOKUP(BL53,'Food List'!$C:$H,6,FALSE))*BN53,""))
E54: =IF(ISBLANK(D54),"",IFERROR((VLOOKUP(D54,'Food List'!$C:$H,2,FALSE)),"")) | G54: =IF(ISBLANK(F54),"",IFERROR((VLOOKUP(D54,'Food List'!$C:$H,3,FALSE))*F54,"")) | H54: =IF(ISBLANK(F54),"",IFERROR((VLOOKUP(D54,'Food List'!$C:$H,4,FALSE))*F54,"")) | I54: =IF(ISBLANK(F54),"",IFERROR((VLOOKUP(D54,'Food List'!$C:$H,5,FALSE))*F54,"")) | J54: =IF(ISBLANK(F54),"",IFERROR((VLOOKUP(D54,'Food List'!$C:$H,6,FALSE))*F54,"")) | O54: =IF(ISBLANK(N54),"",IFERROR((VLOOKUP(N54,'Food List'!$C:$H,2,FALSE)),"")) | Q54: =IF(ISBLANK(P54),"",IFERROR((VLOOKUP(N54,'Food List'!$C:$H,3,FALSE))*P54,"")) | R54: =IF(ISBLANK(P54),"",IFERROR((VLOOKUP(N54,'Food List'!$C:$H,4,FALSE))*P54,"")) | S54: =IF(ISBLANK(P54),"",IFERROR((VLOOKUP(N54,'Food List'!$C:$H,5,FALSE))*P54,"")) | T54: =IF(ISBLANK(P54),"",IFERROR((VLOOKUP(N54,'Food List'!$C:$H,6,FALSE))*P54,"")) | Y54: =IF(ISBLANK(X54),"",IFERROR((VLOOKUP(X54,'Food List'!$C:$H,2,FALSE)),"")) | AA54: =IF(ISBLANK(Z54),"",IFERROR((VLOOKUP(X54,'Food List'!$C:$H,3,FALSE))*Z54,"")) | AB54: =IF(ISBLANK(Z54),"",IFERROR((VLOOKUP(X54,'Food List'!$C:$H,4,FALSE))*Z54,"")) | AC54: =IF(ISBLANK(Z54),"",IFERROR((VLOOKUP(X54,'Food List'!$C:$H,5,FALSE))*Z54,"")) | AD54: =IF(ISBLANK(Z54),"",IFERROR((VLOOKUP(X54,'Food List'!$C:$H,6,FALSE))*Z54,"")) | AI54: =IF(ISBLANK(AH54),"",IFERROR((VLOOKUP(AH54,'Food List'!$C:$H,2,FALSE)),"")) | AK54: =IF(ISBLANK(AJ54),"",IFERROR((VLOOKUP(AH54,'Food List'!$C:$H,3,FALSE))*AJ54,"")) | AL54: =IF(ISBLANK(AJ54),"",IFERROR((VLOOKUP(AH54,'Food List'!$C:$H,4,FALSE))*AJ54,"")) | AM54: =IF(ISBLANK(AJ54),"",IFERROR((VLOOKUP(AH54,'Food List'!$C:$H,5,FALSE))*AJ54,"")) | AN54: =IF(ISBLANK(AJ54),"",IFERROR((VLOOKUP(AH54,'Food List'!$C:$H,6,FALSE))*AJ54,"")) | AS54: =IF(ISBLANK(AR54),"",IFERROR((VLOOKUP(AR54,'Food List'!$C:$H,2,FALSE)),"")) | AU54: =IF(ISBLANK(AT54),"",IFERROR((VLOOKUP(AR54,'Food List'!$C:$H,3,FALSE))*AT54,"")) | AV54: =IF(ISBLANK(AT54),"",IFERROR((VLOOKUP(AR54,'Food List'!$C:$H,4,FALSE))*AT54,"")) | AW54: =IF(ISBLANK(AT54),"",IFERROR((VLOOKUP(AR54,'Food List'!$C:$H,5,FALSE))*AT54,"")) | AX54: =IF(ISBLANK(AT54),"",IFERROR((VLOOKUP(AR54,'Food List'!$C:$H,6,FALSE))*AT54,"")) | BC54: =IF(ISBLANK(BB54),"",IFERROR((VLOOKUP(BB54,'Food List'!$C:$H,2,FALSE)),"")) | BE54: =IF(ISBLANK(BD54),"",IFERROR((VLOOKUP(BB54,'Food List'!$C:$H,3,FALSE))*BD54,"")) | BF54: =IF(ISBLANK(BD54),"",IFERROR((VLOOKUP(BB54,'Food List'!$C:$H,4,FALSE))*BD54,"")) | BG54: =IF(ISBLANK(BD54),"",IFERROR((VLOOKUP(BB54,'Food List'!$C:$H,5,FALSE))*BD54,"")) | BH54: =IF(ISBLANK(BD54),"",IFERROR((VLOOKUP(BB54,'Food List'!$C:$H,6,FALSE))*BD54,"")) | BM54: =IF(ISBLANK(BL54),"",IFERROR((VLOOKUP(BL54,'Food List'!$C:$H,2,FALSE)),"")) | BO54: =IF(ISBLANK(BN54),"",IFERROR((VLOOKUP(BL54,'Food List'!$C:$H,3,FALSE))*BN54,"")) | BP54: =IF(ISBLANK(BN54),"",IFERROR((VLOOKUP(BL54,'Food List'!$C:$H,4,FALSE))*BN54,"")) | BQ54: =IF(ISBLANK(BN54),"",IFERROR((VLOOKUP(BL54,'Food List'!$C:$H,5,FALSE))*BN54,"")) | BR54: =IF(ISBLANK(BN54),"",IFERROR((VLOOKUP(BL54,'Food List'!$C:$H,6,FALSE))*BN54,""))
E55: =IF(ISBLANK(D55),"",IFERROR((VLOOKUP(D55,'Food List'!$C:$H,2,FALSE)),"")) | G55: =IF(ISBLANK(F55),"",IFERROR((VLOOKUP(D55,'Food List'!$C:$H,3,FALSE))*F55,"")) | H55: =IF(ISBLANK(F55),"",IFERROR((VLOOKUP(D55,'Food List'!$C:$H,4,FALSE))*F55,"")) | I55: =IF(ISBLANK(F55),"",IFERROR((VLOOKUP(D55,'Food List'!$C:$H,5,FALSE))*F55,"")) | J55: =IF(ISBLANK(F55),"",IFERROR((VLOOKUP(D55,'Food List'!$C:$H,6,FALSE))*F55,"")) | O55: =IF(ISBLANK(N55),"",IFERROR((VLOOKUP(N55,'Food List'!$C:$H,2,FALSE)),"")) | Q55: =IF(ISBLANK(P55),"",IFERROR((VLOOKUP(N55,'Food List'!$C:$H,3,FALSE))*P55,"")) | R55: =IF(ISBLANK(P55),"",IFERROR((VLOOKUP(N55,'Food List'!$C:$H,4,FALSE))*P55,"")) | S55: =IF(ISBLANK(P55),"",IFERROR((VLOOKUP(N55,'Food List'!$C:$H,5,FALSE))*P55,"")) | T55: =IF(ISBLANK(P55),"",IFERROR((VLOOKUP(N55,'Food List'!$C:$H,6,FALSE))*P55,"")) | Y55: =IF(ISBLANK(X55),"",IFERROR((VLOOKUP(X55,'Food List'!$C:$H,2,FALSE)),"")) | AA55: =IF(ISBLANK(Z55),"",IFERROR((VLOOKUP(X55,'Food List'!$C:$H,3,FALSE))*Z55,"")) | AB55: =IF(ISBLANK(Z55),"",IFERROR((VLOOKUP(X55,'Food List'!$C:$H,4,FALSE))*Z55,"")) | AC55: =IF(ISBLANK(Z55),"",IFERROR((VLOOKUP(X55,'Food List'!$C:$H,5,FALSE))*Z55,"")) | AD55: =IF(ISBLANK(Z55),"",IFERROR((VLOOKUP(X55,'Food List'!$C:$H,6,FALSE))*Z55,"")) | AI55: =IF(ISBLANK(AH55),"",IFERROR((VLOOKUP(AH55,'Food List'!$C:$H,2,FALSE)),"")) | AK55: =IF(ISBLANK(AJ55),"",IFERROR((VLOOKUP(AH55,'Food List'!$C:$H,3,FALSE))*AJ55,"")) | AL55: =IF(ISBLANK(AJ55),"",IFERROR((VLOOKUP(AH55,'Food List'!$C:$H,4,FALSE))*AJ55,"")) | AM55: =IF(ISBLANK(AJ55),"",IFERROR((VLOOKUP(AH55,'Food List'!$C:$H,5,FALSE))*AJ55,"")) | AN55: =IF(ISBLANK(AJ55),"",IFERROR((VLOOKUP(AH55,'Food List'!$C:$H,6,FALSE))*AJ55,"")) | AS55: =IF(ISBLANK(AR55),"",IFERROR((VLOOKUP(AR55,'Food List'!$C:$H,2,FALSE)),"")) | AU55: =IF(ISBLANK(AT55),"",IFERROR((VLOOKUP(AR55,'Food List'!$C:$H,3,FALSE))*AT55,"")) | AV55: =IF(ISBLANK(AT55),"",IFERROR((VLOOKUP(AR55,'Food List'!$C:$H,4,FALSE))*AT55,"")) | AW55: =IF(ISBLANK(AT55),"",IFERROR((VLOOKUP(AR55,'Food List'!$C:$H,5,FALSE))*AT55,"")) | AX55: =IF(ISBLANK(AT55),"",IFERROR((VLOOKUP(AR55,'Food List'!$C:$H,6,FALSE))*AT55,"")) | BC55: =IF(ISBLANK(BB55),"",IFERROR((VLOOKUP(BB55,'Food List'!$C:$H,2,FALSE)),"")) | BE55: =IF(ISBLANK(BD55),"",IFERROR((VLOOKUP(BB55,'Food List'!$C:$H,3,FALSE))*BD55,"")) | BF55: =IF(ISBLANK(BD55),"",IFERROR((VLOOKUP(BB55,'Food List'!$C:$H,4,FALSE))*BD55,"")) | BG55: =IF(ISBLANK(BD55),"",IFERROR((VLOOKUP(BB55,'Food List'!$C:$H,5,FALSE))*BD55,"")) | BH55: =IF(ISBLANK(BD55),"",IFERROR((VLOOKUP(BB55,'Food List'!$C:$H,6,FALSE))*BD55,"")) | BM55: =IF(ISBLANK(BL55),"",IFERROR((VLOOKUP(BL55,'Food List'!$C:$H,2,FALSE)),"")) | BO55: =IF(ISBLANK(BN55),"",IFERROR((VLOOKUP(BL55,'Food List'!$C:$H,3,FALSE))*BN55,"")) | BP55: =IF(ISBLANK(BN55),"",IFERROR((VLOOKUP(BL55,'Food List'!$C:$H,4,FALSE))*BN55,"")) | BQ55: =IF(ISBLANK(BN55),"",IFERROR((VLOOKUP(BL55,'Food List'!$C:$H,5,FALSE))*BN55,"")) | BR55: =IF(ISBLANK(BN55),"",IFERROR((VLOOKUP(BL55,'Food List'!$C:$H,6,FALSE))*BN55,""))
E56: =IF(ISBLANK(D56),"",IFERROR((VLOOKUP(D56,'Food List'!$C:$H,2,FALSE)),"")) | G56: =IF(ISBLANK(F56),"",IFERROR((VLOOKUP(D56,'Food List'!$C:$H,3,FALSE))*F56,"")) | H56: =IF(ISBLANK(F56),"",IFERROR((VLOOKUP(D56,'Food List'!$C:$H,4,FALSE))*F56,"")) | I56: =IF(ISBLANK(F56),"",IFERROR((VLOOKUP(D56,'Food List'!$C:$H,5,FALSE))*F56,"")) | J56: =IF(ISBLANK(F56),"",IFERROR((VLOOKUP(D56,'Food List'!$C:$H,6,FALSE))*F56,"")) | O56: =IF(ISBLANK(N56),"",IFERROR((VLOOKUP(N56,'Food List'!$C:$H,2,FALSE)),"")) | Q56: =IF(ISBLANK(P56),"",IFERROR((VLOOKUP(N56,'Food List'!$C:$H,3,FALSE))*P56,"")) | R56: =IF(ISBLANK(P56),"",IFERROR((VLOOKUP(N56,'Food List'!$C:$H,4,FALSE))*P56,"")) | S56: =IF(ISBLANK(P56),"",IFERROR((VLOOKUP(N56,'Food List'!$C:$H,5,FALSE))*P56,"")) | T56: =IF(ISBLANK(P56),"",IFERROR((VLOOKUP(N56,'Food List'!$C:$H,6,FALSE))*P56,"")) | Y56: =IF(ISBLANK(X56),"",IFERROR((VLOOKUP(X56,'Food List'!$C:$H,2,FALSE)),"")) | AA56: =IF(ISBLANK(Z56),"",IFERROR((VLOOKUP(X56,'Food List'!$C:$H,3,FALSE))*Z56,"")) | AB56: =IF(ISBLANK(Z56),"",IFERROR((VLOOKUP(X56,'Food List'!$C:$H,4,FALSE))*Z56,"")) | AC56: =IF(ISBLANK(Z56),"",IFERROR((VLOOKUP(X56,'Food List'!$C:$H,5,FALSE))*Z56,"")) | AD56: =IF(ISBLANK(Z56),"",IFERROR((VLOOKUP(X56,'Food List'!$C:$H,6,FALSE))*Z56,"")) | AI56: =IF(ISBLANK(AH56),"",IFERROR((VLOOKUP(AH56,'Food List'!$C:$H,2,FALSE)),"")) | AK56: =IF(ISBLANK(AJ56),"",IFERROR((VLOOKUP(AH56,'Food List'!$C:$H,3,FALSE))*AJ56,"")) | AL56: =IF(ISBLANK(AJ56),"",IFERROR((VLOOKUP(AH56,'Food List'!$C:$H,4,FALSE))*AJ56,"")) | AM56: =IF(ISBLANK(AJ56),"",IFERROR((VLOOKUP(AH56,'Food List'!$C:$H,5,FALSE))*AJ56,"")) | AN56: =IF(ISBLANK(AJ56),"",IFERROR((VLOOKUP(AH56,'Food List'!$C:$H,6,FALSE))*AJ56,"")) | AS56: =IF(ISBLANK(AR56),"",IFERROR((VLOOKUP(AR56,'Food List'!$C:$H,2,FALSE)),"")) | AU56: =IF(ISBLANK(AT56),"",IFERROR((VLOOKUP(AR56,'Food List'!$C:$H,3,FALSE))*AT56,"")) | AV56: =IF(ISBLANK(AT56),"",IFERROR((VLOOKUP(AR56,'Food List'!$C:$H,4,FALSE))*AT56,"")) | AW56: =IF(ISBLANK(AT56),"",IFERROR((VLOOKUP(AR56,'Food List'!$C:$H,5,FALSE))*AT56,"")) | AX56: =IF(ISBLANK(AT56),"",IFERROR((VLOOKUP(AR56,'Food List'!$C:$H,6,FALSE))*AT56,"")) | BC56: =IF(ISBLANK(BB56),"",IFERROR((VLOOKUP(BB56,'Food List'!$C:$H,2,FALSE)),"")) | BE56: =IF(ISBLANK(BD56),"",IFERROR((VLOOKUP(BB56,'Food List'!$C:$H,3,FALSE))*BD56,"")) | BF56: =IF(ISBLANK(BD56),"",IFERROR((VLOOKUP(BB56,'Food List'!$C:$H,4,FALSE))*BD56,"")) | BG56: =IF(ISBLANK(BD56),"",IFERROR((VLOOKUP(BB56,'Food List'!$C:$H,5,FALSE))*BD56,"")) | BH56: =IF(ISBLANK(BD56),"",IFERROR((VLOOKUP(BB56,'Food List'!$C:$H,6,FALSE))*BD56,"")) | BM56: =IF(ISBLANK(BL56),"",IFERROR((VLOOKUP(BL56,'Food List'!$C:$H,2,FALSE)),"")) | BO56: =IF(ISBLANK(BN56),"",IFERROR((VLOOKUP(BL56,'Food List'!$C:$H,3,FALSE))*BN56,"")) | BP56: =IF(ISBLANK(BN56),"",IFERROR((VLOOKUP(BL56,'Food List'!$C:$H,4,FALSE))*BN56,"")) | BQ56: =IF(ISBLANK(BN56),"",IFERROR((VLOOKUP(BL56,'Food List'!$C:$H,5,FALSE))*BN56,"")) | BR56: =IF(ISBLANK(BN56),"",IFERROR((VLOOKUP(BL56,'Food List'!$C:$H,6,FALSE))*BN56,""))
D57: MEAL TOTAL | G57: =IFERROR(SUM(G53:G56),0) -> 0 | H57: =IFERROR(SUM(H53:H56),0) -> 0 | I57: =IFERROR(SUM(I53:I56),0) -> 0 | J57: =IFERROR(SUM(J53:J56),0) -> 0 | N57: MEAL TOTAL | Q57: =IFERROR(SUM(Q53:Q56),0) -> 0 | R57: =IFERROR(SUM(R53:R56),0) -> 0 | S57: =IFERROR(SUM(S53:S56),0) -> 0 | T57: =IFERROR(SUM(T53:T56),0) -> 0 | X57: MEAL TOTAL | AA57: =IFERROR(SUM(AA53:AA56),0) -> 0 | AB57: =IFERROR(SUM(AB53:AB56),0) -> 0 | AC57: =IFERROR(SUM(AC53:AC56),0) -> 0 | AD57: =IFERROR(SUM(AD53:AD56),0) -> 0 | AH57: MEAL TOTAL | AK57: =IFERROR(SUM(AK53:AK56),0) -> 0 | AL57: =IFERROR(SUM(AL53:AL56),0) -> 0 | AM57: =IFERROR(SUM(AM53:AM56),0) -> 0 | AN57: =IFERROR(SUM(AN53:AN56),0) -> 0 | AR57: MEAL TOTAL | AU57: =IFERROR(SUM(AU53:AU56),0) -> 0 | AV57: =IFERROR(SUM(AV53:AV56),0) -> 0 | AW57: =IFERROR(SUM(AW53:AW56),0) -> 0 | AX57: =IFERROR(SUM(AX53:AX56),0) -> 0 | BB57: MEAL TOTAL | BE57: =IFERROR(SUM(BE53:BE56),0) -> 0 | BF57: =IFERROR(SUM(BF53:BF56),0) -> 0 | BG57: =IFERROR(SUM(BG53:BG56),0) -> 0 | BH57: =IFERROR(SUM(BH53:BH56),0) -> 0 | BL57: MEAL TOTAL | BO57: =IFERROR(SUM(BO53:BO56),0) -> 0 | BP57: =IFERROR(SUM(BP53:BP56),0) -> 0 | BQ57: =IFERROR(SUM(BQ53:BQ56),0) -> 0 | BR57: =IFERROR(SUM(BR53:BR56),0) -> 0
B59: DAY TOTAL | G59: =G19+G27+G35+G43+G51+G57 -> 1469.1 | H59: =H19+H27+H35+H43+H51+H57 -> 134.02 | I59: =I19+I27+I35+I43+I51+I57 -> 156.35 | J59: =J19+J27+J35+J43+J51+J57 -> 34.05 | L59: DAY TOTAL | Q59: =Q19+Q27+Q35+Q43+Q51+Q57 -> 1135 | R59: =R19+R27+R35+R43+R51+R57 -> 90.05 | S59: =S19+S27+S35+S43+S51+S57 -> 93.6 | T59: =T19+T27+T35+T43+T51+T57 -> 44.35 | V59: DAY TOTAL | AA59: =AA19+AA27+AA35+AA43+AA51+AA57 -> 922.1 | AB59: =AB19+AB27+AB35+AB43+AB51+AB57 -> 110.12 | AC59: =AC19+AC27+AC35+AC43+AC51+AC57 -> 93.8 | AD59: =AD19+AD27+AD35+AD43+AD51+AD57 -> 10.8 | AF59: DAY TOTAL | AK59: =AK19+AK27+AK35+AK43+AK51+AK57 -> 0 | AL59: =AL19+AL27+AL35+AL43+AL51+AL57 -> 0 | AM59: =AM19+AM27+AM35+AM43+AM51+AM57 -> 0 | AN59: =AN19+AN27+AN35+AN43+AN51+AN57 -> 0 | AP59: DAY TOTAL | AU59: =AU19+AU27+AU35+AU43+AU51+AU57 -> 0 | AV59: =AV19+AV27+AV35+AV43+AV51+AV57 -> 0 | AW59: =AW19+AW27+AW35+AW43+AW51+AW57 -> 0 | AX59: =AX19+AX27+AX35+AX43+AX51+AX57 -> 0 | AZ59: DAY TOTAL | BE59: =BE19+BE27+BE35+BE43+BE51+BE57 -> 0 | BF59: =BF19+BF27+BF35+BF43+BF51+BF57 -> 0 | BG59: =BG19+BG27+BG35+BG43+BG51+BG57 -> 0 | BH59: =BH19+BH27+BH35+BH43+BH51+BH57 -> 0 | BJ59: DAY TOTAL | BO59: =BO19+BO27+BO35+BO43+BO51+BO57 -> 0 | BP59: =BP19+BP27+BP35+BP43+BP51+BP57 -> 0 | BQ59: =BQ19+BQ27+BQ35+BQ43+BQ51+BQ57 -> 0 | BR59: =BR19+BR27+BR35+BR43+BR51+BR57 -> 0
B60: Template and Design by Lucia Hughes

Sheet Food List
B1: MAHON PERFORMANCE
B7: NO. | C7: FOOD | D7: PORTION | E7: CALORIES (kcal) | F7: PROTEIN (g) | G7: CARBOHYDRATES (g) | H7: FATS (g) | I7: COOKED/RAW/DRY
B8: 1 | C8: Chicken Breast (Cooked) | D8: 100g | E8: 145 | F8: 32 | G8: 0 | H8: 1.9 | I8: Cooked Weight
B9: 2 | C9: Chicken Breast (Raw) | D9: 100g | E9: 106 | F9: 24 | G9: 0 | H9: 1.1 | I9: Raw Weight
B10: 3 | C10: Lean Beef Mince (Cooked) | D10: 100g | E10: 137 | F10: 24.7 | G10: 0 | H10: 4.2 | I10: Cooked Weight
B11: 4 | C11: Lean Beef Mince (Raw) | D11: 100g | E11: 125 | F11: 21.9 | G11: 0 | H11: 4.2 | I11: Raw Weight
B12: 5 | C12: Salmon (Cooked) | D12: 100g | E12: 239 | F12: 24.6 | G12: 0 | H12: 15.6 | I12: Cooked Weight
B13: 6 | C13: Salmon (Raw) | D13: 100g | E13: 179 | F13: 22.1 | G13: 0 | H13: 10.1 | I13: Raw Weight
B14: 7 | C14: Fillet Steak (Cooked) | D14: 100g | E14: 188 | F14: 29.1 | G14: 0 | H14: 8 | I14: Cooked Weight
B15: 8 | C15: Fillet Steak (Raw) | D15: 100g | E15: 140 | F15: 21.2 | G15: 0 | H15: 6.1 | I15: Raw Weight
B16: 9 | C16: Cod (Cooked) | D16: 100g | E16: 106 | F16: 24.6 | G16: 0 | H16: 0.8 | I16: Cooked Weight
B17: 10 | C17: Cod (Raw) | D17: 100g | E17: 75 | F17: 17.5 | G17: 0 | H17: 0.6 | I17: Raw Weight
B18: 11 | C18: Haddock (Cooked) | D18: 100g | E18: 98 | F18: 23.9 | G18: 0 | H18: 0.3 | I18: Cooked Weight
B19: 12 | C19: Haddock (Raw) | D19: 100g | E19: 75 | F19: 17.8 | G19: 0 | H19: 0.4 | I19: Raw Weight
... B139: 132 | C139: Protein Bar | D139: 1 Bar | E139: 200 | F139: 20 | G139: 20 | H139: 5 | I139: Dry Weight
B140: 133
B141: 134
B142: 135
B143: 136
B144: 137
B145: 138
B146: 139
B147: 140
B148: 141
B149: 142
B150: 143
B151: 144
... B232: 225
B233: Template and Design by Lucia Hughes

Sheet Exercise List
B1: MAHON PERFORMANCE
B7: NO. | C7: EXERCISE | D7: EXERCISE NOTES | E7: VIDEO LINK
B8: 1 | C8: Hack Squat | D8: Edit text with exercie execution notes or exercise set up notes | E8: https://www.instagram.com/shane_mahon/
B9: 2 | C9: Barbell Bench Press
B10: 3 | C10: Incline Barbell Bench Press
B11: 4 | C11: Dumbbell Bench Press
B12: 5 | C12: Incline Dumbbell Bench Press
B13: 6 | C13: Cable Flies
B14: 7 | C14: Dumbbell Flies
B15: 8 | C15: Stiff Legged Deadlift
B16: 9 | C16: Barbell Squat
B17: 10 | C17: Split Squat
B18: 11 | C18: FFE Split Squat
B19: 12 | C19: RDL
B20: 13 | C20: Hammer Strength Chest Press
... B69: 62 | C69: Dumbbell Step Up To Bench
B70: 63
B71: 64
B72: 65
B73: 66
B74: 67
B75: 68
B76: 69
B77: 70
B78: 71
B79: 72
B80: 73
B81: 74
... B206: 200
B207: Template and Design by Lucia Hughes
